Workbook

Sheet acs
A1: home_county_name | B1: Ada County | C1: Adams County | D1: Bannock County | E1: Bear Lake County | F1: Benewah County | G1: Bingham County | H1: Blaine County | I1: Boise County | J1: Bonner County | K1: Bonneville County | L1: Boundary County | M1: Butte County | N1: Camas County | O1: Canyon County | P1: Caribou County | Q1: Cassia County | R1: Clark County | S1: Clearwater County | T1: Custer County | U1: Elmore County | V1: Franklin County | W1: Fremont County | X1: Gem County | Y1: Gooding County | Z1: Idaho County | AA1: Jefferson County | AB1: Jerome County | AC1: Kootenai County | AD1: Latah County | AE1: Lemhi County | AF1: Lewis County | AG1: Lincoln County | AH1: Madison County | AI1: Minidoka County | AJ1: Nez Perce County | AK1: Oneida County | AL1: Owyhee County | AM1: Payette County | AN1: Power County | AO1: Shoshone County | AP1: Teton County | AQ1: Twin Falls County | AR1: Valley County | AS1: Washington County
A2: Ada County | B2: 220996 | C2: 3 | D2: 15 | E2: 0 | F2: 0 | G2: 0 | H2: 102 | I2: 615 | J2: 0 | K2: 41 | L2: 0 | M2: 0 | N2: 0 | O2: 12017 | P2: 0 | Q2: 18 | R2: 0 | S2: 0 | T2: 16 | U2: 973 | V2: 0 | W2: 0 | X2: 348 | Y2: 24 | Z2: 122 | AA2: 0 | AB2: 19 | AC2: 0 | AD2: 0 | AE2: 0 | AF2: 0 | AG2: 9 | AH2: 19 | AI2: 37 | AJ2: 0 | AK2: 0 | AL2: 69 | AM2: 256 | AN2: 0 | AO2: 0 | AP2: 0 | AQ2: 280 | AR2: 259 | AS2: 60 | AT2: =SUM(B2:AS2) -> 236298
A3: Adams County | B3: 4 | C3: 887 | D3: 0 | E3: 0 | F3: 0 | G3: 0 | H3: 0 | I3: 0 | J3: 0 | K3: 0 | L3: 0 | M3: 0 | N3: 0 | O3: 9 | P3: 0 | Q3: 0 | R3: 0 | S3: 0 | T3: 0 | U3: 0 | V3: 0 | W3: 0 | X3: 0 | Y3: 0 | Z3: 70 | AA3: 0 | AB3: 0 | AC3: 0 | AD3: 0 | AE3: 0 | AF3: 0 | AG3: 0 | AH3: 0 | AI3: 0 | AJ3: 0 | AK3: 0 | AL3: 0 | AM3: 15 | AN3: 0 | AO3: 0 | AP3: 0 | AQ3: 8 | AR3: 520 | AS3: 12 | AT3: =SUM(B3:AS3) -> 1525
A4: Bannock County | B4: 25 | C4: 0 | D4: 31580 | E4: 0 | F4: 0 | G4: 1227 | H4: 0 | I4: 0 | J4: 0 | K4: 692 | L4: 0 | M4: 478 | N4: 0 | O4: 47 | P4: 380 | Q4: 12 | R4: 0 | S4: 0 | T4: 7 | U4: 0 | V4: 19 | W4: 10 | X4: 0 | Y4: 0 | Z4: 0 | AA4: 13 | AB4: 0 | AC4: 0 | AD4: 0 | AE4: 0 | AF4: 0 | AG4: 0 | AH4: 27 | AI4: 0 | AJ4: 0 | AK4: 105 | AL4: 0 | AM4: 0 | AN4: 735 | AO4: 0 | AP4: 0 | AQ4: 134 | AR4: 0 | AS4: 0 | AT4: =SUM(B4:AS4) -> 35491
A5: Bear Lake County | B5: 15 | C5: 0 | D5: 30 | E5: 1657 | F5: 0 | G5: 1 | H5: 0 | I5: 0 | J5: 0 | K5: 0 | L5: 0 | M5: 0 | N5: 0 | O5: 0 | P5: 485 | Q5: 0 | R5: 0 | S5: 0 | T5: 0 | U5: 0 | V5: 60 | W5: 0 | X5: 0 | Y5: 0 | Z5: 0 | AA5: 0 | AB5: 0 | AC5: 0 | AD5: 0 | AE5: 0 | AF5: 0 | AG5: 0 | AH5: 0 | AI5: 0 | AJ5: 0 | AK5: 19 | AL5: 0 | AM5: 0 | AN5: 3 | AO5: 0 | AP5: 0 | AQ5: 0 | AR5: 0 | AS5: 0 | AT5: =SUM(B5:AS5) -> 2270
A6: Benewah County | B6: 0 | C6: 0 | D6: 0 | E6: 0 | F6: 2680 | G6: 0 | H6: 0 | I6: 0 | J6: 0 | K6: 0 | L6: 0 | M6: 0 | N6: 0 | O6: 0 | P6: 0 | Q6: 0 | R6: 0 | S6: 0 | T6: 0 | U6: 0 | V6: 0 | W6: 0 | X6: 0 | Y6: 0 | Z6: 0 | AA6: 0 | AB6: 0 | AC6: 582 | AD6: 97 | AE6: 0 | AF6: 0 | AG6: 0 | AH6: 0 | AI6: 0 | AJ6: 0 | AK6: 0 | AL6: 0 | AM6: 0 | AN6: 0 | AO6: 14 | AP6: 0 | AQ6: 0 | AR6: 0 | AS6: 0 | AT6: =SUM(B6:AS6) -> 3373
A7: Bingham County | B7: 0 | C7: 0 | D7: 1084 | E7: 0 | F7: 0 | G7: 12291 | H7: 0 | I7: 0 | J7: 0 | K7: 4865 | L7: 0 | M7: 478 | N7: 0 | O7: 0 | P7: 0 | Q7: 11 | R7: 0 | S7: 0 | T7: 22 | U7: 0 | V7: 0 | W7: 0 | X7: 0 | Y7: 0 | Z7: 0 | AA7: 166 | AB7: 6 | AC7: 0 | AD7: 0 | AE7: 0 | AF7: 0 | AG7: 0 | AH7: 38 | AI7: 9 | AJ7: 0 | AK7: 0 | AL7: 0 | AM7: 0 | AN7: 415 | AO7: 0 | AP7: 0 | AQ7: 0 | AR7: 0 | AS7: 0 | AT7: =SUM(B7:AS7) -> 19385
A8: Blaine County | B8: 0 | C8: 0 | D8: 0 | E8: 0 | F8: 0 | G8: 0 | H8: 11972 | I8: 0 | J8: 0 | K8: 0 | L8: 0 | M8: 11 | N8: 35 | O8: 0 | P8: 0 | Q8: 0 | R8: 0 | S8: 0 | T8: 2 | U8: 7 | V8: 0 | W8: 0 | X8: 0 | Y8: 3 | Z8: 0 | AA8: 0 | AB8: 0 | AC8: 0 | AD8: 0 | AE8: 0 | AF8: 0 | AG8: 23 | AH8: 6 | AI8: 15 | AJ8: 0 | AK8: 0 | AL8: 0 | AM8: 0 | AN8: 0 | AO8: 0 | AP8: 0 | AQ8: 82 | AR8: 0 | AS8: 0 | AT8: =SUM(B8:AS8) -> 12156
A9: Boise County | B9: 1573 | C9: 0 | D9: 0 | E9: 0 | F9: 0 | G9: 0 | H9: 0 | I9: 1590 | J9: 0 | K9: 0 | L9: 0 | M9: 0 | N9: 0 | O9: 29 | P9: 0 | Q9: 0 | R9: 0 | S9: 0 | T9: 0 | U9: 0 | V9: 0 | W9: 0 | X9: 7 | Y9: 0 | Z9: 0 | AA9: 0 | AB9: 0 | AC9: 0 | AD9: 0 | AE9: 0 | AF9: 0 | AG9: 0 | AH9: 0 | AI9: 0 | AJ9: 9 | AK9: 0 | AL9: 0 | AM9: 0 | AN9: 0 | AO9: 0 | AP9: 0 | AQ9: 0 | AR9: 7 | AS9: 0 | AT9: =SUM(B9:AS9) -> 3215
A10: Bonner County | B10: 0 | C10: 0 | D10: 0 | E10: 0 | F10: 0 | G10: 0 | H10: 0 | I10: 0 | J10: 14713 | K10: 0 | L10: 365 | M10: 0 | N10: 0 | O10: 0 | P10: 0 | Q10: 0 | R10: 0 | S10: 0 | T10: 0 | U10: 0 | V10: 0 | W10: 0 | X10: 0 | Y10: 0 | Z10: 0 | AA10: 0 | AB10: 0 | AC10: 1488 | AD10: 16 | AE10: 0 | AF10: 0 | AG10: 0 | AH10: 0 | AI10: 0 | AJ10: 10 | AK10: 0 | AL10: 0 | AM10: 0 | AN10: 0 | AO10: 4 | AP10: 0 | AQ10: 0 | AR10: 0 | AS10: 0 | AT10: =SUM(B10:AS10) -> 16596
A11: Bonneville County | B11: 66 | C11: 0 | D11: 280 | E11: 0 | F11: 0 | G11: 1549 | H11: 0 | I11: 0 | J11: 0 | K11: 45398 | L11: 0 | M11: 1006 | N11: 0 | O11: 3 | P11: 12 | Q11: 73 | R11: 0 | S11: 0 | T11: 0 | U11: 0 | V11: 0 | W11: 139 | X11: 0 | Y11: 0 | Z11: 0 | AA11: 1640 | AB11: 0 | AC11: 0 | AD11: 0 | AE11: 0 | AF11: 0 | AG11: 0 | AH11: 1025 | AI11: 0 | AJ11: 0 | AK11: 0 | AL11: 0 | AM11: 0 | AN11: 0 | AO11: 0 | AP11: 90 | AQ11: 93 | AR11: 0 | AS11: 0 | AT11: =SUM(B11:AS11) -> 51374
A12: Boundary County | B12: 0 | C12: 0 | D12: 0 | E12: 0 | F12: 0 | G12: 0 | H12: 0 | I12: 0 | J12: 345 | K12: 0 | L12: 4067 | M12: 0 | N12: 0 | O12: 0 | P12: 0 | Q12: 0 | R12: 0 | S12: 0 | T12: 0 | U12: 0 | V12: 0 | W12: 0 | X12: 0 | Y12: 0 | Z12: 0 | AA12: 0 | AB12: 0 | AC12: 114 | AD12: 0 | AE12: 0 | AF12: 0 | AG12: 0 | AH12: 0 | AI12: 0 | AJ12: 0 | AK12: 0 | AL12: 0 | AM12: 0 | AN12: 0 | AO12: 0 | AP12: 0 | AQ12: 0 | AR12: 0 | AS12: 0 | AT12: =SUM(B12:AS12) -> 4526
A13: Butte County | B13: 0 | C13: 0 | D13: 5 | E13: 0 | F13: 0 | G13: 4 | H13: 0 | I13: 0 | J13: 0 | K13: 122 | L13: 0 | M13: 871 | N13: 0 | O13: 0 | P13: 0 | Q13: 0 | R13: 0 | S13: 0 | T13: 12 | U13: 0 | V13: 0 | W13: 0 | X13: 0 | Y13: 0 | Z13: 0 | AA13: 0 | AB13: 0 | AC13: 0 | AD13: 0 | AE13: 0 | AF13: 0 | AG13: 0 | AH13: 0 | AI13: 0 | AJ13: 0 | AK13: 0 | AL13: 0 | AM13: 0 | AN13: 0 | AO13: 0 | AP13: 0 | AQ13: 0 | AR13: 0 | AS13: 0 | AT13: =SUM(B13:AS13) -> 1014
... A45: Washington County | B45: 178 | C45: 17 | D45: 0 | E45: 0 | F45: 0 | G45: 0 | H45: 0 | I45: 0 | J45: 0 | K45: 0 | L45: 0 | M45: 0 | N45: 0 | O45: 80 | P45: 0 | Q45: 0 | R45: 0 | S45: 0 | T45: 0 | U45: 0 | V45: 0 | W45: 0 | X45: 14 | Y45: 0 | Z45: 0 | AA45: 0 | AB45: 0 | AC45: 0 | AD45: 0 | AE45: 0 | AF45: 0 | AG45: 0 | AH45: 0 | AI45: 0 | AJ45: 0 | AK45: 0 | AL45: 0 | AM45: 125 | AN45: 0 | AO45: 0 | AP45: 0 | AQ45: 0 | AR45: 0 | AS45: 2661 | AT45: =SUM(B45:AS45) -> 3075
B46: =SUM(B2:B45) -> 260709 | C46: =SUM(C2:C45) -> 997 | D46: =SUM(D2:D45) -> 34195 | E46: =SUM(E2:E45) -> 1749 | F46: =SUM(F2:F45) -> 3689 | G46: =SUM(G2:G45) -> 15599 | H46: =SUM(H2:H45) -> 13427 | I46: =SUM(I2:I45) -> 2327 | ... AS46: =SUM(AS2:AS45) -> 3033 | AT46: =SUM(B46:AS46) -> 765873

Sheet model
A1: 2020 Model | B1: Ada County | C1: Adams County | D1: Bannock County | E1: Bear Lake County | F1: Benewah County | G1: Bingham County | H1: Blaine County | I1: Boise County | J1: Bonner County | K1: Bonneville County | L1: Boundary County | M1: Butte County | N1: Camas County | O1: Canyon County | P1: Caribou County | Q1: Cassia County | R1: Clark County | S1: Clearwater County | T1: Custer County | U1: Elmore County | V1: Franklin County | W1: Fremont County | X1: Gem County | Y1: Gooding County | Z1: Idaho County | AA1: Jefferson County | AB1: Jerome County | AC1: Kootenai County | AD1: Latah County | AE1: Lemhi County | AF1: Lewis County | AG1: Lincoln County | AH1: Madison County | AI1: Minidoka County | AJ1: Nez Perce County | AK1: Oneida County | AL1: Owyhee County | AM1: Payette County | AN1: Power County | AO1: Shoshone County | AP1: Teton County | AQ1: Twin Falls County | AR1: Valley County | AS1: Washington County | AT1: Total
A2: Ada County | B2: 260250 | C2: 1 | D2: 67 | E2: 0 | F2: 0 | G2: 8 | H2: 54 | I2: 27 | J2: 0 | K2: 186 | L2: 0 | M2: 6 | N2: 5 | O2: 12502 | P2: 0 | Q2: 36 | R2: 1 | S2: 0 | T2: 1 | U2: 120 | V2: 0 | W2: 0 | X2: 176 | Y2: 97 | Z2: 1 | AA2: 9 | AB2: 63 | AC2: 0 | AD2: 0 | AE2: 0 | AF2: 0 | AG2: 16 | AH2: 3 | AI2: 24 | AJ2: 0 | AK2: 0 | AL2: 156 | AM2: 205 | AN2: 12 | AO2: 0 | AP2: 0 | AQ2: 255 | AR2: 29 | AS2: 49 | AT2: =SUM(B2:AS2) -> 274359
A3: Adams County | B3: 126 | C3: 2178 | D3: 0 | E3: 0 | F3: 0 | G3: 0 | H3: 0 | I3: 0 | J3: 0 | K3: 0 | L3: 0 | M3: 0 | N3: 0 | O3: 85 | P3: 0 | Q3: 0 | R3: 0 | S3: 0 | T3: 0 | U3: 0 | V3: 0 | W3: 0 | X3: 1 | Y3: 0 | Z3: 6 | AA3: 0 | AB3: 0 | AC3: 1 | AD3: 0 | AE3: 0 | AF3: 3 | AG3: 0 | AH3: 0 | AI3: 0 | AJ3: 8 | AK3: 0 | AL3: 0 | AM3: 16 | AN3: 0 | AO3: 0 | AP3: 0 | AQ3: 1 | AR3: 26 | AS3: 20 | AT3: =SUM(B3:AS3) -> 2471
A4: Bannock County | B4: 9 | C4: 0 | D4: 35624 | E4: 1 | F4: 0 | G4: 783 | H4: 9 | I4: 0 | J4: 0 | K4: 12299 | L4: 0 | M4: 28 | N4: 1 | O4: 3 | P4: 97 | Q4: 66 | R4: 12 | S4: 0 | T4: 3 | U4: 0 | V4: 32 | W4: 10 | X4: 0 | Y4: 3 | Z4: 0 | AA4: 198 | AB4: 12 | AC4: 0 | AD4: 0 | AE4: 1 | AF4: 0 | AG4: 3 | AH4: 118 | AI4: 31 | AJ4: 0 | AK4: 60 | AL4: 0 | AM4: 0 | AN4: 411 | AO4: 0 | AP4: 3 | AQ4: 61 | AR4: 0 | AS4: 0 | AT4: =SUM(B4:AS4) -> 49878
A5: Bear Lake County | B5: 2 | C5: 0 | D5: 213 | E5: 2560 | F5: 0 | G5: 26 | H5: 0 | I5: 0 | J5: 0 | K5: 409 | L5: 0 | M5: 0 | N5: 0 | O5: 0 | P5: 66 | Q5: 1 | R5: 1 | S5: 0 | T5: 0 | U5: 0 | V5: 11 | W5: 0 | X5: 0 | Y5: 0 | Z5: 0 | AA5: 8 | AB5: 0 | AC5: 0 | AD5: 0 | AE5: 0 | AF5: 0 | AG5: 0 | AH5: 9 | AI5: 1 | AJ5: 0 | AK5: 4 | AL5: 0 | AM5: 0 | AN5: 19 | AO5: 0 | AP5: 0 | AQ5: 1 | AR5: 0 | AS5: 0 | AT5: =SUM(B5:AS5) -> 3331
A6: Benewah County | B6: 0 | C6: 0 | D6: 0 | E6: 0 | F6: 3085 | G6: 0 | H6: 0 | I6: 0 | J6: 10 | K6: 0 | L6: 0 | M6: 0 | N6: 0 | O6: 0 | P6: 0 | Q6: 0 | R6: 0 | S6: 2 | T6: 0 | U6: 0 | V6: 0 | W6: 0 | X6: 0 | Y6: 0 | Z6: 1 | AA6: 0 | AB6: 0 | AC6: 1657 | AD6: 62 | AE6: 0 | AF6: 0 | AG6: 0 | AH6: 0 | AI6: 0 | AJ6: 63 | AK6: 0 | AL6: 0 | AM6: 0 | AN6: 0 | AO6: 59 | AP6: 0 | AQ6: 0 | AR6: 0 | AS6: 0 | AT6: =SUM(B6:AS6) -> 4939
A7: Bingham County | B7: 0 | C7: 0 | D7: 1697 | E7: 0 | F7: 0 | G7: 12717 | H7: 5 | I7: 0 | J7: 0 | K7: 10866 | L7: 0 | M7: 13 | N7: 0 | O7: 0 | P7: 11 | Q7: 14 | R7: 7 | S7: 0 | T7: 1 | U7: 0 | V7: 4 | W7: 4 | X7: 0 | Y7: 0 | Z7: 0 | AA7: 166 | AB7: 1 | AC7: 0 | AD7: 0 | AE7: 1 | AF7: 0 | AG7: 0 | AH7: 71 | AI7: 6 | AJ7: 0 | AK7: 5 | AL7: 0 | AM7: 0 | AN7: 82 | AO7: 0 | AP7: 5 | AQ7: 9 | AR7: 0 | AS7: 0 | AT7: =SUM(B7:AS7) -> 25685
A8: Blaine County | B8: 17 | C8: 0 | D8: 36 | E8: 0 | F8: 0 | G8: 19 | H8: 13235 | I8: 0 | J8: 0 | K8: 378 | L8: 0 | M8: 9 | N8: 2 | O8: 10 | P8: 0 | Q8: 7 | R8: 1 | S8: 0 | T8: 5 | U8: 3 | V8: 0 | W8: 1 | X8: 0 | Y8: 17 | Z8: 0 | AA8: 7 | AB8: 21 | AC8: 0 | AD8: 0 | AE8: 0 | AF8: 0 | AG8: 11 | AH8: 3 | AI8: 6 | AJ8: 0 | AK8: 0 | AL8: 0 | AM8: 0 | AN8: 0 | AO8: 0 | AP8: 0 | AQ8: 92 | AR8: 0 | AS8: 0 | AT8: =SUM(B8:AS8) -> 13880
A9: Boise County | B9: 1747 | C9: 0 | D9: 5 | E9: 0 | F9: 0 | G9: 0 | H9: 4 | I9: 2161 | J9: 0 | K9: 8 | L9: 0 | M9: 0 | N9: 1 | O9: 425 | P9: 0 | Q9: 2 | R9: 0 | S9: 0 | T9: 1 | U9: 4 | V9: 0 | W9: 0 | X9: 18 | Y9: 2 | Z9: 0 | AA9: 0 | AB9: 3 | AC9: 0 | AD9: 0 | AE9: 0 | AF9: 0 | AG9: 0 | AH9: 0 | AI9: 5 | AJ9: 2 | AK9: 0 | AL9: 4 | AM9: 14 | AN9: 0 | AO9: 0 | AP9: 0 | AQ9: 14 | AR9: 9 | AS9: 2 | AT9: =SUM(B9:AS9) -> 4431
A10: Bonner County | B10: 0 | C10: 0 | D10: 0 | E10: 0 | F10: 40 | G10: 0 | H10: 0 | I10: 0 | J10: 17749 | K10: 0 | L10: 56 | M10: 0 | N10: 0 | O10: 0 | P10: 0 | Q10: 0 | R10: 0 | S10: 0 | T10: 0 | U10: 0 | V10: 0 | W10: 0 | X10: 0 | Y10: 0 | Z10: 0 | AA10: 0 | AB10: 0 | AC10: 6598 | AD10: 15 | AE10: 0 | AF10: 0 | AG10: 0 | AH10: 0 | AI10: 0 | AJ10: 14 | AK10: 0 | AL10: 0 | AM10: 0 | AN10: 0 | AO10: 67 | AP10: 0 | AQ10: 0 | AR10: 0 | AS10: 0 | AT10: =SUM(B10:AS10) -> 24539
A11: Bonneville County | B11: 2 | C11: 0 | D11: 586 | E11: 0 | F11: 0 | G11: 225 | H11: 0 | I11: 0 | J11: 0 | K11: 35752 | L11: 0 | M11: 9 | N11: 0 | O11: 2 | P11: 4 | Q11: 6 | R11: 16 | S11: 0 | T11: 0 | U11: 0 | V11: 2 | W11: 7 | X11: 0 | Y11: 1 | Z11: 0 | AA11: 367 | AB11: 2 | AC11: 0 | AD11: 0 | AE11: 0 | AF11: 0 | AG11: 0 | AH11: 167 | AI11: 4 | AJ11: 0 | AK11: 1 | AL11: 0 | AM11: 0 | AN11: 23 | AO11: 0 | AP11: 3 | AQ11: 6 | AR11: 0 | AS11: 0 | AT11: =SUM(B11:AS11) -> 37185
A12: Boundary County | B12: 0 | C12: 0 | D12: 0 | E12: 0 | F12: 21 | G12: 0 | H12: 0 | I12: 0 | J12: 208 | K12: 0 | L12: 4415 | M12: 0 | N12: 0 | O12: 0 | P12: 0 | Q12: 0 | R12: 0 | S12: 0 | T12: 0 | U12: 0 | V12: 0 | W12: 0 | X12: 0 | Y12: 0 | Z12: 0 | AA12: 0 | AB12: 0 | AC12: 1690 | AD12: 2 | AE12: 0 | AF12: 1 | AG12: 0 | AH12: 0 | AI12: 0 | AJ12: 1 | AK12: 0 | AL12: 0 | AM12: 0 | AN12: 0 | AO12: 17 | AP12: 0 | AQ12: 0 | AR12: 0 | AS12: 0 | AT12: =SUM(B12:AS12) -> 6355
A13: Butte County | B13: 4 | C13: 0 | D13: 82 | E13: 0 | F13: 0 | G13: 29 | H13: 11 | I13: 0 | J13: 0 | K13: 830 | L13: 0 | M13: 453 | N13: 0 | O13: 0 | P13: 0 | Q13: 1 | R13: 0 | S13: 0 | T13: 5 | U13: 0 | V13: 0 | W13: 0 | X13: 0 | Y13: 0 | Z13: 0 | AA13: 19 | AB13: 0 | AC13: 0 | AD13: 0 | AE13: 0 | AF13: 0 | AG13: 0 | AH13: 7 | AI13: 0 | AJ13: 0 | AK13: 0 | AL13: 0 | AM13: 0 | AN13: 5 | AO13: 0 | AP13: 1 | AQ13: 1 | AR13: 0 | AS13: 0 | AT13: =SUM(B13:AS13) -> 1448
... A45: Washington County | B45: 1052 | C45: 5 | D45: 1 | E45: 0 | F45: 0 | G45: 0 | H45: 3 | I45: 2 | J45: 0 | K45: 0 | L45: 0 | M45: 0 | N45: 0 | O45: 732 | P45: 0 | Q45: 1 | R45: 0 | S45: 0 | T45: 0 | U45: 3 | V45: 0 | W45: 0 | X45: 30 | Y45: 0 | Z45: 3 | AA45: 0 | AB45: 1 | AC45: 0 | AD45: 0 | AE45: 0 | AF45: 0 | AG45: 0 | AH45: 0 | AI45: 0 | AJ45: 3 | AK45: 0 | AL45: 13 | AM45: 104 | AN45: 0 | AO45: 0 | AP45: 0 | AQ45: 11 | AR45: 6 | AS45: 3507 | AT45: =SUM(B45:AS45) -> 5477
A46: Total | B46: =SUM(B2:B45) -> 318899 | C46: =SUM(C2:C45) -> 2213 | D46: =SUM(D2:D45) -> 49379 | E46: =SUM(E2:E45) -> 2573 | F46: =SUM(F2:F45) -> 3502 | G46: =SUM(G2:G45) -> 15093 | H46: =SUM(H2:H45) -> 14867 | I46: =SUM(I2:I45) -> 2245 | ... AS46: =SUM(AS2:AS45) -> 3832 | AT46: =SUM(B46:AS46) -> 972431

Sheet diff
A1: home_county_name | B1: Ada County | C1: Adams County | D1: Bannock County | E1: Bear Lake County | F1: Benewah County | G1: Bingham County | H1: Blaine County | I1: Boise County | J1: Bonner County | K1: Bonneville County | L1: Boundary County | M1: Butte County | N1: Camas County | O1: Canyon County | P1: Caribou County | Q1: Cassia County | R1: Clark County | S1: Clearwater County | T1: Custer County | U1: Elmore County | V1: Franklin County | W1: Fremont County | X1: Gem County | Y1: Gooding County | Z1: Idaho County | AA1: Jefferson County | AB1: Jerome County | AC1: Kootenai County | AD1: Latah County | AE1: Lemhi County | AF1: Lewis County | AG1: Lincoln County | AH1: Madison County | AI1: Minidoka County | AJ1: Nez Perce County | AK1: Oneida County | AL1: Owyhee County | AM1: Payette County | AN1: Power County | AO1: Shoshone County | AP1: Teton County | AQ1: Twin Falls County | AR1: Valley County | AS1: Washington County
A2: Ada County | B2: -39254 | C2: 2 | D2: -52 | E2: 0 | F2: 0 | G2: -8 | H2: 48 | I2: 588 | J2: 0 | K2: -145 | L2: 0 | M2: -6 | N2: -5 | O2: -485 | P2: 0 | Q2: -18 | R2: -1 | S2: 0 | T2: 15 | U2: 853 | V2: 0 | W2: 0 | X2: 172 | Y2: -73 | Z2: 121 | AA2: -9 | AB2: -44 | AC2: 0 | AD2: 0 | AE2: 0 | AF2: 0 | AG2: -7 | AH2: 16 | AI2: 13 | AJ2: 0 | AK2: 0 | AL2: -87 | AM2: 51 | AN2: -12 | AO2: 0 | AP2: 0 | AQ2: 25 | AR2: 230 | AS2: 11
A3: Adams County | B3: -122 | C3: -1291 | D3: 0 | E3: 0 | F3: 0 | G3: 0 | H3: 0 | I3: 0 | J3: 0 | K3: 0 | L3: 0 | M3: 0 | N3: 0 | O3: -76 | P3: 0 | Q3: 0 | R3: 0 | S3: 0 | T3: 0 | U3: 0 | V3: 0 | W3: 0 | X3: -1 | Y3: 0 | Z3: 64 | AA3: 0 | AB3: 0 | AC3: -1 | AD3: 0 | AE3: 0 | AF3: -3 | AG3: 0 | AH3: 0 | AI3: 0 | AJ3: -8 | AK3: 0 | AL3: 0 | AM3: -1 | AN3: 0 | AO3: 0 | AP3: 0 | AQ3: 7 | AR3: 494 | AS3: -8
A4: Bannock County | B4: 16 | C4: 0 | D4: -4044 | E4: -1 | F4: 0 | G4: 444 | H4: -9 | I4: 0 | J4: 0 | K4: -11607 | L4: 0 | M4: 450 | N4: -1 | O4: 44 | P4: 283 | Q4: -54 | R4: -12 | S4: 0 | T4: 4 | U4: 0 | V4: -13 | W4: 0 | X4: 0 | Y4: -3 | Z4: 0 | AA4: -185 | AB4: -12 | AC4: 0 | AD4: 0 | AE4: -1 | AF4: 0 | AG4: -3 | AH4: -91 | AI4: -31 | AJ4: 0 | AK4: 45 | AL4: 0 | AM4: 0 | AN4: 324 | AO4: 0 | AP4: -3 | AQ4: 73 | AR4: 0 | AS4: 0
A5: Bear Lake County | B5: 13 | C5: 0 | D5: -183 | E5: -903 | F5: 0 | G5: -25 | H5: 0 | I5: 0 | J5: 0 | K5: -409 | L5: 0 | M5: 0 | N5: 0 | O5: 0 | P5: 419 | Q5: -1 | R5: -1 | S5: 0 | T5: 0 | U5: 0 | V5: 49 | W5: 0 | X5: 0 | Y5: 0 | Z5: 0 | AA5: -8 | AB5: 0 | AC5: 0 | AD5: 0 | AE5: 0 | AF5: 0 | AG5: 0 | AH5: -9 | AI5: -1 | AJ5: 0 | AK5: 15 | AL5: 0 | AM5: 0 | AN5: -16 | AO5: 0 | AP5: 0 | AQ5: -1 | AR5: 0 | AS5: 0
A6: Benewah County | B6: 0 | C6: 0 | D6: 0 | E6: 0 | F6: -405 | G6: 0 | H6: 0 | I6: 0 | J6: -10 | K6: 0 | L6: 0 | M6: 0 | N6: 0 | O6: 0 | P6: 0 | Q6: 0 | R6: 0 | S6: -2 | T6: 0 | U6: 0 | V6: 0 | W6: 0 | X6: 0 | Y6: 0 | Z6: -1 | AA6: 0 | AB6: 0 | AC6: -1075 | AD6: 35 | AE6: 0 | AF6: 0 | AG6: 0 | AH6: 0 | AI6: 0 | AJ6: -63 | AK6: 0 | AL6: 0 | AM6: 0 | AN6: 0 | AO6: -45 | AP6: 0 | AQ6: 0 | AR6: 0 | AS6: 0
A7: Bingham County | B7: 0 | C7: 0 | D7: -613 | E7: 0 | F7: 0 | G7: -426 | H7: -5 | I7: 0 | J7: 0 | K7: -6001 | L7: 0 | M7: 465 | N7: 0 | O7: 0 | P7: -11 | Q7: -3 | R7: -7 | S7: 0 | T7: 21 | U7: 0 | V7: -4 | W7: -4 | X7: 0 | Y7: 0 | Z7: 0 | AA7: 0 | AB7: 5 | AC7: 0 | AD7: 0 | AE7: -1 | AF7: 0 | AG7: 0 | AH7: -33 | AI7: 3 | AJ7: 0 | AK7: -5 | AL7: 0 | AM7: 0 | AN7: 333 | AO7: 0 | AP7: -5 | AQ7: -9 | AR7: 0 | AS7: 0
A8: Blaine County | B8: -17 | C8: 0 | D8: -36 | E8: 0 | F8: 0 | G8: -19 | H8: -1263 | I8: 0 | J8: 0 | K8: -378 | L8: 0 | M8: 2 | N8: 33 | O8: -10 | P8: 0 | Q8: -7 | R8: -1 | S8: 0 | T8: -3 | U8: 4 | V8: 0 | W8: -1 | X8: 0 | Y8: -14 | Z8: 0 | AA8: -7 | AB8: -21 | AC8: 0 | AD8: 0 | AE8: 0 | AF8: 0 | AG8: 12 | AH8: 3 | AI8: 9 | AJ8: 0 | AK8: 0 | AL8: 0 | AM8: 0 | AN8: 0 | AO8: 0 | AP8: 0 | AQ8: -10 | AR8: 0 | AS8: 0
A9: Boise County | B9: -174 | C9: 0 | D9: -5 | E9: 0 | F9: 0 | G9: 0 | H9: -4 | I9: -571 | J9: 0 | K9: -8 | L9: 0 | M9: 0 | N9: -1 | O9: -396 | P9: 0 | Q9: -2 | R9: 0 | S9: 0 | T9: -1 | U9: -4 | V9: 0 | W9: 0 | X9: -11 | Y9: -2 | Z9: 0 | AA9: 0 | AB9: -3 | AC9: 0 | AD9: 0 | AE9: 0 | AF9: 0 | AG9: 0 | AH9: 0 | AI9: -5 | AJ9: 7 | AK9: 0 | AL9: -4 | AM9: -14 | AN9: 0 | AO9: 0 | AP9: 0 | AQ9: -14 | AR9: -2 | AS9: -2
A10: Bonner County | B10: 0 | C10: 0 | D10: 0 | E10: 0 | F10: -40 | G10: 0 | H10: 0 | I10: 0 | J10: -3036 | K10: 0 | L10: 309 | M10: 0 | N10: 0 | O10: 0 | P10: 0 | Q10: 0 | R10: 0 | S10: 0 | T10: 0 | U10: 0 | V10: 0 | W10: 0 | X10: 0 | Y10: 0 | Z10: 0 | AA10: 0 | AB10: 0 | AC10: -5110 | AD10: 1 | AE10: 0 | AF10: 0 | AG10: 0 | AH10: 0 | AI10: 0 | AJ10: -4 | AK10: 0 | AL10: 0 | AM10: 0 | AN10: 0 | AO10: -63 | AP10: 0 | AQ10: 0 | AR10: 0 | AS10: 0
A11: Bonneville County | B11: 64 | C11: 0 | D11: -306 | E11: 0 | F11: 0 | G11: 1324 | H11: 0 | I11: 0 | J11: 0 | K11: 9646 | L11: 0 | M11: 997 | N11: 0 | O11: 1 | P11: 8 | Q11: 67 | R11: -16 | S11: 0 | T11: 0 | U11: 0 | V11: -2 | W11: 132 | X11: 0 | Y11: -1 | Z11: 0 | AA11: 1273 | AB11: -2 | AC11: 0 | AD11: 0 | AE11: 0 | AF11: 0 | AG11: 0 | AH11: 858 | AI11: -4 | AJ11: 0 | AK11: -1 | AL11: 0 | AM11: 0 | AN11: -23 | AO11: 0 | AP11: 87 | AQ11: 87 | AR11: 0 | AS11: 0
A12: Boundary County | B12: 0 | C12: 0 | D12: 0 | E12: 0 | F12: -21 | G12: 0 | H12: 0 | I12: 0 | J12: 137 | K12: 0 | L12: -348 | M12: 0 | N12: 0 | O12: 0 | P12: 0 | Q12: 0 | R12: 0 | S12: 0 | T12: 0 | U12: 0 | V12: 0 | W12: 0 | X12: 0 | Y12: 0 | Z12: 0 | AA12: 0 | AB12: 0 | AC12: -1576 | AD12: -2 | AE12: 0 | AF12: -1 | AG12: 0 | AH12: 0 | AI12: 0 | AJ12: -1 | AK12: 0 | AL12: 0 | AM12: 0 | AN12: 0 | AO12: -17 | AP12: 0 | AQ12: 0 | AR12: 0 | AS12: 0
A13: Butte County | B13: -4 | C13: 0 | D13: -77 | E13: 0 | F13: 0 | G13: -25 | H13: -11 | I13: 0 | J13: 0 | K13: -708 | L13: 0 | M13: 418 | N13: 0 | O13: 0 | P13: 0 | Q13: -1 | R13: 0 | S13: 0 | T13: 7 | U13: 0 | V13: 0 | W13: 0 | X13: 0 | Y13: 0 | Z13: 0 | AA13: -19 | AB13: 0 | AC13: 0 | AD13: 0 | AE13: 0 | AF13: 0 | AG13: 0 | AH13: -7 | AI13: 0 | AJ13: 0 | AK13: 0 | AL13: 0 | AM13: 0 | AN13: -5 | AO13: 0 | AP13: -1 | AQ13: -1 | AR13: 0 | AS13: 0
... A45: Washington County | B45: -874 | C45: 12 | D45: -1 | E45: 0 | F45: 0 | G45: 0 | H45: -3 | I45: -2 | J45: 0 | K45: 0 | L45: 0 | M45: 0 | N45: 0 | O45: -652 | P45: 0 | Q45: -1 | R45: 0 | S45: 0 | T45: 0 | U45: -3 | V45: 0 | W45: 0 | X45: -16 | Y45: 0 | Z45: -3 | AA45: 0 | AB45: -1 | AC45: 0 | AD45: 0 | AE45: 0 | AF45: 0 | AG45: 0 | AH45: 0 | AI45: 0 | AJ45: -3 | AK45: 0 | AL45: -13 | AM45: 21 | AN45: 0 | AO45: 0 | AP45: 0 | AQ45: -11 | AR45: -6 | AS45: -846

Sheet IPF ACS to ASIM
A1: ACS County Flows | B1: Ada County | C1: Adams County | D1: Bannock County | E1: Bear Lake County | F1: Benewah County | G1: Bingham County | H1: Blaine County | I1: Boise County | J1: Bonner County | K1: Bonneville County | L1: Boundary County | M1: Butte County | N1: Camas County | O1: Canyon County | P1: Caribou County | Q1: Cassia County | R1: Clark County | S1: Clearwater County | T1: Custer County | U1: Elmore County | V1: Franklin County | W1: Fremont County | X1: Gem County | Y1: Gooding County | Z1: Idaho County | AA1: Jefferson County | AB1: Jerome County | AC1: Kootenai County | AD1: Latah County | AE1: Lemhi County | AF1: Lewis County | AG1: Lincoln County | AH1: Madison County | AI1: Minidoka County | AJ1: Nez Perce County | AK1: Oneida County | AL1: Owyhee County | AM1: Payette County | AN1: Power County | AO1: Shoshone County | AP1: Teton County | AQ1: Twin Falls County | AR1: Valley County | AS1: Washington County | AT1: ACS Total | AU1: Model Total
A2: Ada County | B2: 220996 | C2: 3 | D2: 15 | E2: 0 | F2: 0 | G2: 0 | H2: 102 | I2: 615 | J2: 0 | K2: 41 | L2: 0 | M2: 0 | N2: 0 | O2: 12017 | P2: 0 | Q2: 18 | R2: 0 | S2: 0 | T2: 16 | U2: 973 | V2: 0 | W2: 0 | X2: 348 | Y2: 24 | Z2: 122 | AA2: 0 | AB2: 19 | AC2: 0 | AD2: 0 | AE2: 0 | AF2: 0 | AG2: 9 | AH2: 19 | AI2: 37 | AJ2: 0 | AK2: 0 | AL2: 69 | AM2: 256 | AN2: 0 | AO2: 0 | AP2: 0 | AQ2: 280 | AR2: 259 | AS2: 60 | AT2: =SUM(B2:AS2) -> 236298 | AU2: =model!AT2 -> 274359
A3: Adams County | B3: 4 | C3: 887 | D3: 0 | E3: 0 | F3: 0 | G3: 0 | H3: 0 | I3: 0 | J3: 0 | K3: 0 | L3: 0 | M3: 0 | N3: 0 | O3: 9 | P3: 0 | Q3: 0 | R3: 0 | S3: 0 | T3: 0 | U3: 0 | V3: 0 | W3: 0 | X3: 0 | Y3: 0 | Z3: 70 | AA3: 0 | AB3: 0 | AC3: 0 | AD3: 0 | AE3: 0 | AF3: 0 | AG3: 0 | AH3: 0 | AI3: 0 | AJ3: 0 | AK3: 0 | AL3: 0 | AM3: 15 | AN3: 0 | AO3: 0 | AP3: 0 | AQ3: 8 | AR3: 520 | AS3: 12 | AT3: =SUM(B3:AS3) -> 1525 | AU3: =model!AT3 -> 2471
A4: Bannock County | B4: 25 | C4: 0 | D4: 31580 | E4: 0 | F4: 0 | G4: 1227 | H4: 0 | I4: 0 | J4: 0 | K4: 692 | L4: 0 | M4: 478 | N4: 0 | O4: 47 | P4: 380 | Q4: 12 | R4: 0 | S4: 0 | T4: 7 | U4: 0 | V4: 19 | W4: 10 | X4: 0 | Y4: 0 | Z4: 0 | AA4: 13 | AB4: 0 | AC4: 0 | AD4: 0 | AE4: 0 | AF4: 0 | AG4: 0 | AH4: 27 | AI4: 0 | AJ4: 0 | AK4: 105 | AL4: 0 | AM4: 0 | AN4: 735 | AO4: 0 | AP4: 0 | AQ4: 134 | AR4: 0 | AS4: 0 | AT4: =SUM(B4:AS4) -> 35491 | AU4: =model!AT4 -> 49878
A5: Bear Lake County | B5: 15 | C5: 0 | D5: 30 | E5: 1657 | F5: 0 | G5: 1 | H5: 0 | I5: 0 | J5: 0 | K5: 0 | L5: 0 | M5: 0 | N5: 0 | O5: 0 | P5: 485 | Q5: 0 | R5: 0 | S5: 0 | T5: 0 | U5: 0 | V5: 60 | W5: 0 | X5: 0 | Y5: 0 | Z5: 0 | AA5: 0 | AB5: 0 | AC5: 0 | AD5: 0 | AE5: 0 | AF5: 0 | AG5: 0 | AH5: 0 | AI5: 0 | AJ5: 0 | AK5: 19 | AL5: 0 | AM5: 0 | AN5: 3 | AO5: 0 | AP5: 0 | AQ5: 0 | AR5: 0 | AS5: 0 | AT5: =SUM(B5:AS5) -> 2270 | AU5: =model!AT5 -> 3331
A6: Benewah County | B6: 0 | C6: 0 | D6: 0 | E6: 0 | F6: 2680 | G6: 0 | H6: 0 | I6: 0 | J6: 0 | K6: 0 | L6: 0 | M6: 0 | N6: 0 | O6: 0 | P6: 0 | Q6: 0 | R6: 0 | S6: 0 | T6: 0 | U6: 0 | V6: 0 | W6: 0 | X6: 0 | Y6: 0 | Z6: 0 | AA6: 0 | AB6: 0 | AC6: 582 | AD6: 97 | AE6: 0 | AF6: 0 | AG6: 0 | AH6: 0 | AI6: 0 | AJ6: 0 | AK6: 0 | AL6: 0 | AM6: 0 | AN6: 0 | AO6: 14 | AP6: 0 | AQ6: 0 | AR6: 0 | AS6: 0 | AT6: =SUM(B6:AS6) -> 3373 | AU6: =model!AT6 -> 4939
A7: Bingham County | B7: 0 | C7: 0 | D7: 1084 | E7: 0 | F7: 0 | G7: 12291 | H7: 0 | I7: 0 | J7: 0 | K7: 4865 | L7: 0 | M7: 478 | N7: 0 | O7: 0 | P7: 0 | Q7: 11 | R7: 0 | S7: 0 | T7: 22 | U7: 0 | V7: 0 | W7: 0 | X7: 0 | Y7: 0 | Z7: 0 | AA7: 166 | AB7: 6 | AC7: 0 | AD7: 0 | AE7: 0 | AF7: 0 | AG7: 0 | AH7: 38 | AI7: 9 | AJ7: 0 | AK7: 0 | AL7: 0 | AM7: 0 | AN7: 415 | AO7: 0 | AP7: 0 | AQ7: 0 | AR7: 0 | AS7: 0 | AT7: =SUM(B7:AS7) -> 19385 | AU7: =model!AT7 -> 25685
A8: Blaine County | B8: 0 | C8: 0 | D8: 0 | E8: 0 | F8: 0 | G8: 0 | H8: 11972 | I8: 0 | J8: 0 | K8: 0 | L8: 0 | M8: 11 | N8: 35 | O8: 0 | P8: 0 | Q8: 0 | R8: 0 | S8: 0 | T8: 2 | U8: 7 | V8: 0 | W8: 0 | X8: 0 | Y8: 3 | Z8: 0 | AA8: 0 | AB8: 0 | AC8: 0 | AD8: 0 | AE8: 0 | AF8: 0 | AG8: 23 | AH8: 6 | AI8: 15 | AJ8: 0 | AK8: 0 | AL8: 0 | AM8: 0 | AN8: 0 | AO8: 0 | AP8: 0 | AQ8: 82 | AR8: 0 | AS8: 0 | AT8: =SUM(B8:AS8) -> 12156 | AU8: =model!AT8 -> 13880
A9: Boise County | B9: 1573 | C9: 0 | D9: 0 | E9: 0 | F9: 0 | G9: 0 | H9: 0 | I9: 1590 | J9: 0 | K9: 0 | L9: 0 | M9: 0 | N9: 0 | O9: 29 | P9: 0 | Q9: 0 | R9: 0 | S9: 0 | T9: 0 | U9: 0 | V9: 0 | W9: 0 | X9: 7 | Y9: 0 | Z9: 0 | AA9: 0 | AB9: 0 | AC9: 0 | AD9: 0 | AE9: 0 | AF9: 0 | AG9: 0 | AH9: 0 | AI9: 0 | AJ9: 9 | AK9: 0 | AL9: 0 | AM9: 0 | AN9: 0 | AO9: 0 | AP9: 0 | AQ9: 0 | AR9: 7 | AS9: 0 | AT9: =SUM(B9:AS9) -> 3215 | AU9: =model!AT9 -> 4431
A10: Bonner County | B10: 0 | C10: 0 | D10: 0 | E10: 0 | F10: 0 | G10: 0 | H10: 0 | I10: 0 | J10: 14713 | K10: 0 | L10: 365 | M10: 0 | N10: 0 | O10: 0 | P10: 0 | Q10: 0 | R10: 0 | S10: 0 | T10: 0 | U10: 0 | V10: 0 | W10: 0 | X10: 0 | Y10: 0 | Z10: 0 | AA10: 0 | AB10: 0 | AC10: 1488 | AD10: 16 | AE10: 0 | AF10: 0 | AG10: 0 | AH10: 0 | AI10: 0 | AJ10: 10 | AK10: 0 | AL10: 0 | AM10: 0 | AN10: 0 | AO10: 4 | AP10: 0 | AQ10: 0 | AR10: 0 | AS10: 0 | AT10: =SUM(B10:AS10) -> 16596 | AU10: =model!AT10 -> 24539
A11: Bonneville County | B11: 66 | C11: 0 | D11: 280 | E11: 0 | F11: 0 | G11: 1549 | H11: 0 | I11: 0 | J11: 0 | K11: 45398 | L11: 0 | M11: 1006 | N11: 0 | O11: 3 | P11: 12 | Q11: 73 | R11: 0 | S11: 0 | T11: 0 | U11: 0 | V11: 0 | W11: 139 | X11: 0 | Y11: 0 | Z11: 0 | AA11: 1640 | AB11: 0 | AC11: 0 | AD11: 0 | AE11: 0 | AF11: 0 | AG11: 0 | AH11: 1025 | AI11: 0 | AJ11: 0 | AK11: 0 | AL11: 0 | AM11: 0 | AN11: 0 | AO11: 0 | AP11: 90 | AQ11: 93 | AR11: 0 | AS11: 0 | AT11: =SUM(B11:AS11) -> 51374 | AU11: =model!AT11 -> 37185
A12: Boundary County | B12: 0 | C12: 0 | D12: 0 | E12: 0 | F12: 0 | G12: 0 | H12: 0 | I12: 0 | J12: 345 | K12: 0 | L12: 4067 | M12: 0 | N12: 0 | O12: 0 | P12: 0 | Q12: 0 | R12: 0 | S12: 0 | T12: 0 | U12: 0 | V12: 0 | W12: 0 | X12: 0 | Y12: 0 | Z12: 0 | AA12: 0 | AB12: 0 | AC12: 114 | AD12: 0 | AE12: 0 | AF12: 0 | AG12: 0 | AH12: 0 | AI12: 0 | AJ12: 0 | AK12: 0 | AL12: 0 | AM12: 0 | AN12: 0 | AO12: 0 | AP12: 0 | AQ12: 0 | AR12: 0 | AS12: 0 | AT12: =SUM(B12:AS12) -> 4526 | AU12: =model!AT12 -> 6355
A13: Butte County | B13: 0 | C13: 0 | D13: 5 | E13: 0 | F13: 0 | G13: 4 | H13: 0 | I13: 0 | J13: 0 | K13: 122 | L13: 0 | M13: 871 | N13: 0 | O13: 0 | P13: 0 | Q13: 0 | R13: 0 | S13: 0 | T13: 12 | U13: 0 | V13: 0 | W13: 0 | X13: 0 | Y13: 0 | Z13: 0 | AA13: 0 | AB13: 0 | AC13: 0 | AD13: 0 | AE13: 0 | AF13: 0 | AG13: 0 | AH13: 0 | AI13: 0 | AJ13: 0 | AK13: 0 | AL13: 0 | AM13: 0 | AN13: 0 | AO13: 0 | AP13: 0 | AQ13: 0 | AR13: 0 | AS13: 0 | AT13: =SUM(B13:AS13) -> 1014 | AU13: =model!AT13 -> 1448
... A45: Washington County | B45: 178 | C45: 17 | D45: 0 | E45: 0 | F45: 0 | G45: 0 | H45: 0 | I45: 0 | J45: 0 | K45: 0 | L45: 0 | M45: 0 | N45: 0 | O45: 80 | P45: 0 | Q45: 0 | R45: 0 | S45: 0 | T45: 0 | U45: 0 | V45: 0 | W45: 0 | X45: 14 | Y45: 0 | Z45: 0 | AA45: 0 | AB45: 0 | AC45: 0 | AD45: 0 | AE45: 0 | AF45: 0 | AG45: 0 | AH45: 0 | AI45: 0 | AJ45: 0 | AK45: 0 | AL45: 0 | AM45: 125 | AN45: 0 | AO45: 0 | AP45: 0 | AQ45: 0 | AR45: 0 | AS45: 2661 | AT45: =SUM(B45:AS45) -> 3075 | AU45: =model!AT45 -> 5477
A46: ACS Total | B46: =SUM(B2:B45) -> 260709 | C46: =SUM(C2:C45) -> 997 | D46: =SUM(D2:D45) -> 34195 | E46: =SUM(E2:E45) -> 1749 | F46: =SUM(F2:F45) -> 3689 | G46: =SUM(G2:G45) -> 15599 | H46: =SUM(H2:H45) -> 13427 | I46: =SUM(I2:I45) -> 2327 | ... AS46: =SUM(AS2:AS45) -> 3033
A47: Model Total | B47: =model!B46 -> 318899 | C47: =model!C46 -> 2213 | D47: =model!D46 -> 49379 | E47: =model!E46 -> 2573 | F47: =model!F46 -> 3502 | G47: =model!G46 -> 15093 | H47: =model!H46 -> 14867 | I47: =model!I46 -> 2245 | ... AS47: =model!AS46 -> 3832
A50: Iter 1R | B50: Ada County | C50: Adams County | D50: Bannock County | E50: Bear Lake County | F50: Benewah County | G50: Bingham County | H50: Blaine County | I50: Boise County | J50: Bonner County | K50: Bonneville County | L50: Boundary County | M50: Butte County | N50: Camas County | O50: Canyon County | P50: Caribou County | Q50: Cassia County | R50: Clark County | S50: Clearwater County | T50: Custer County | U50: Elmore County | V50: Franklin County | W50: Fremont County | X50: Gem County | Y50: Gooding County | Z50: Idaho County | AA50: Jefferson County | AB50: Jerome County | AC50: Kootenai County | AD50: Latah County | AE50: Lemhi County | AF50: Lewis County | AG50: Lincoln County | AH50: Madison County | AI50: Minidoka County | AJ50: Nez Perce County | AK50: Oneida County | AL50: Owyhee County | AM50: Payette County | AN50: Power County | AO50: Shoshone County | AP50: Teton County | AQ50: Twin Falls County | AR50: Valley County | AS50: Washington County | AT50: ACS Total | AU50: Model Total
A51: Ada County | B51: =B2*($AU2/$AT2) -> 256592.28 | C51: =C2*($AU2/$AT2) -> 3.4832161 | D51: =D2*($AU2/$AT2) -> 17.416081 | E51: =E2*($AU2/$AT2) -> 0 | F51: =F2*($AU2/$AT2) -> 0 | G51: =G2*($AU2/$AT2) -> 0 | H51: =H2*($AU2/$AT2) -> 118.42935 | I51: =I2*($AU2/$AT2) -> 714.0593 | ... AS51: =AS2*($AU2/$AT2) -> 69.664322 | AT51: =SUM(B51:AS51) -> 274359 | AU51: =model!AT2 -> 274359
A52: Adams County | B52: =B3*($AU3/$AT3) -> 6.4813115 | C52: =C3*($AU3/$AT3) -> 1437.2308 | D52: =D3*($AU3/$AT3) -> 0 | E52: =E3*($AU3/$AT3) -> 0 | F52: =F3*($AU3/$AT3) -> 0 | G52: =G3*($AU3/$AT3) -> 0 | H52: =H3*($AU3/$AT3) -> 0 | I52: =I3*($AU3/$AT3) -> 0 | ... AS52: =AS3*($AU3/$AT3) -> 19.443934 | AT52: =SUM(B52:AS52) -> 2471 | AU52: =model!AT3 -> 2471
A53: Bannock County | B53: =B4*($AU4/$AT4) -> 35.134259 | C53: =C4*($AU4/$AT4) -> 0 | D53: =D4*($AU4/$AT4) -> 44381.596 | E53: =E4*($AU4/$AT4) -> 0 | F53: =F4*($AU4/$AT4) -> 0 | G53: =G4*($AU4/$AT4) -> 1724.3895 | H53: =H4*($AU4/$AT4) -> 0 | I53: =I4*($AU4/$AT4) -> 0 | ... AS53: =AS4*($AU4/$AT4) -> 0 | AT53: =SUM(B53:AS53) -> 49878 | AU53: =model!AT4 -> 49878
A54: Bear Lake County | B54: =B5*($AU5/$AT5) -> 22.011013 | C54: =C5*($AU5/$AT5) -> 0 | D54: =D5*($AU5/$AT5) -> 44.022026 | E54: =E5*($AU5/$AT5) -> 2431.4833 | F54: =F5*($AU5/$AT5) -> 0 | G54: =G5*($AU5/$AT5) -> 1.4674009 | H54: =H5*($AU5/$AT5) -> 0 | I54: =I5*($AU5/$AT5) -> 0 | ... AS54: =AS5*($AU5/$AT5) -> 0 | AT54: =SUM(B54:AS54) -> 3331 | AU54: =model!AT5 -> 3331
A55: Benewah County | B55: =B6*($AU6/$AT6) -> 0 | C55: =C6*($AU6/$AT6) -> 0 | D55: =D6*($AU6/$AT6) -> 0 | E55: =E6*($AU6/$AT6) -> 0 | F55: =F6*($AU6/$AT6) -> 3924.2573 | G55: =G6*($AU6/$AT6) -> 0 | H55: =H6*($AU6/$AT6) -> 0 | I55: =I6*($AU6/$AT6) -> 0 | ... AS55: =AS6*($AU6/$AT6) -> 0 | AT55: =SUM(B55:AS55) -> 4939 | AU55: =model!AT6 -> 4939
A56: Bingham County | B56: =B7*($AU7/$AT7) -> 0 | C56: =C7*($AU7/$AT7) -> 0 | D56: =D7*($AU7/$AT7) -> 1436.293 | E56: =E7*($AU7/$AT7) -> 0 | F56: =F7*($AU7/$AT7) -> 0 | G56: =G7*($AU7/$AT7) -> 16285.496 | H56: =H7*($AU7/$AT7) -> 0 | I56: =I7*($AU7/$AT7) -> 0 | ... AS56: =AS7*($AU7/$AT7) -> 0 | AT56: =SUM(B56:AS56) -> 25685 | AU56: =model!AT7 -> 25685
A57: Blaine County | B57: =B8*($AU8/$AT8) -> 0 | C57: =C8*($AU8/$AT8) -> 0 | D57: =D8*($AU8/$AT8) -> 0 | E57: =E8*($AU8/$AT8) -> 0 | F57: =F8*($AU8/$AT8) -> 0 | G57: =G8*($AU8/$AT8) -> 0 | H57: =H8*($AU8/$AT8) -> 13669.905 | I57: =I8*($AU8/$AT8) -> 0 | ... AS57: =AS8*($AU8/$AT8) -> 0 | AT57: =SUM(B57:AS57) -> 13880 | AU57: =model!AT8 -> 13880
A58: Boise County | B58: =B9*($AU9/$AT9) -> 2167.9512 | C58: =C9*($AU9/$AT9) -> 0 | D58: =D9*($AU9/$AT9) -> 0 | E58: =E9*($AU9/$AT9) -> 0 | F58: =F9*($AU9/$AT9) -> 0 | G58: =G9*($AU9/$AT9) -> 0 | H58: =H9*($AU9/$AT9) -> 0 | I58: =I9*($AU9/$AT9) -> 2191.381 | ... AS58: =AS9*($AU9/$AT9) -> 0 | AT58: =SUM(B58:AS58) -> 4431 | AU58: =model!AT9 -> 4431
A59: Bonner County | B59: =B10*($AU10/$AT10) -> 0 | C59: =C10*($AU10/$AT10) -> 0 | D59: =D10*($AU10/$AT10) -> 0 | E59: =E10*($AU10/$AT10) -> 0 | F59: =F10*($AU10/$AT10) -> 0 | G59: =G10*($AU10/$AT10) -> 0 | H59: =H10*($AU10/$AT10) -> 0 | I59: =I10*($AU10/$AT10) -> 0 | ... AS59: =AS10*($AU10/$AT10) -> 0 | AT59: =SUM(B59:AS59) -> 24539 | AU59: =model!AT10 -> 24539
A60: Bonneville County | B60: =B11*($AU11/$AT11) -> 47.771441 | C60: =C11*($AU11/$AT11) -> 0 | D60: =D11*($AU11/$AT11) -> 202.66672 | E60: =E11*($AU11/$AT11) -> 0 | F60: =F11*($AU11/$AT11) -> 0 | G60: =G11*($AU11/$AT11) -> 1121.1812 | H60: =H11*($AU11/$AT11) -> 0 | I60: =I11*($AU11/$AT11) -> 0 | ... AS60: =AS11*($AU11/$AT11) -> 0 | AT60: =SUM(B60:AS60) -> 37185 | AU60: =model!AT11 -> 37185
A61: Boundary County | B61: =B12*($AU12/$AT12) -> 0 | C61: =C12*($AU12/$AT12) -> 0 | D61: =D12*($AU12/$AT12) -> 0 | E61: =E12*($AU12/$AT12) -> 0 | F61: =F12*($AU12/$AT12) -> 0 | G61: =G12*($AU12/$AT12) -> 0 | H61: =H12*($AU12/$AT12) -> 0 | I61: =I12*($AU12/$AT12) -> 0 | ... AS61: =AS12*($AU12/$AT12) -> 0 | AT61: =SUM(B61:AS61) -> 6355 | AU61: =model!AT12 -> 6355
A62: Butte County | B62: =B13*($AU13/$AT13) -> 0 | C62: =C13*($AU13/$AT13) -> 0 | D62: =D13*($AU13/$AT13) -> 7.1400394 | E62: =E13*($AU13/$AT13) -> 0 | F62: =F13*($AU13/$AT13) -> 0 | G62: =G13*($AU13/$AT13) -> 5.7120316 | H62: =H13*($AU13/$AT13) -> 0 | I62: =I13*($AU13/$AT13) -> 0 | ... AS62: =AS13*($AU13/$AT13) -> 0 | AT62: =SUM(B62:AS62) -> 1448 | AU62: =model!AT13 -> 1448
... A94: Washington County | B94: =B45*($AU45/$AT45) -> 317.0426 | C94: =C45*($AU45/$AT45) -> 30.27935 | D94: =D45*($AU45/$AT45) -> 0 | E94: =E45*($AU45/$AT45) -> 0 | F94: =F45*($AU45/$AT45) -> 0 | G94: =G45*($AU45/$AT45) -> 0 | H94: =H45*($AU45/$AT45) -> 0 | I94: =I45*($AU45/$AT45) -> 0 | ... AS94: =AS45*($AU45/$AT45) -> 4739.6088 | AT94: =SUM(B94:AS94) -> 5477 | AU94: =model!AT45 -> 5477
A95: ACS Total | B95: =SUM(B51:B94) -> 308336.16 | C95: =SUM(C51:C94) -> 1595.4056 | D95: =SUM(D51:D94) -> 47625.378 | E95: =SUM(E51:E94) -> 2549.0304 | F95: =SUM(F51:F94) -> 5500.8203 | G95: =SUM(G51:G94) -> 19831.791 | H95: =SUM(H51:H94) -> 15631.597 | I95: =SUM(I51:I94) -> 3076.8614 | ... AS95: =SUM(AS51:AS94) -> 5311.4963
A96: Model Total | B96: =model!B46 -> 318899 | C96: =model!C46 -> 2213 | D96: =model!D46 -> 49379 | E96: =model!E46 -> 2573 | F96: =model!F46 -> 3502 | G96: =model!G46 -> 15093 | H96: =model!H46 -> 14867 | I96: =model!I46 -> 2245 | ... AS96: =model!AS46 -> 3832
A99: Iter 1C | B99: Ada County | C99: Adams County | D99: Bannock County | E99: Bear Lake County | F99: Benewah County | G99: Bingham County | H99: Blaine County | I99: Boise County | J99: Bonner County | K99: Bonneville County | L99: Boundary County | M99: Butte County | N99: Camas County | O99: Canyon County | P99: Caribou County | Q99: Cassia County | R99: Clark County | S99: Clearwater County | T99: Custer County | U99: Elmore County | V99: Franklin County | W99: Fremont County | X99: Gem County | Y99: Gooding County | Z99: Idaho County | AA99: Jefferson County | AB99: Jerome County | AC99: Kootenai County | AD99: Latah County | AE99: Lemhi County | AF99: Lewis County | AG99: Lincoln County | AH99: Madison County | AI99: Minidoka County | AJ99: Nez Perce County | AK99: Oneida County | AL99: Owyhee County | AM99: Payette County | AN99: Power County | AO99: Shoshone County | AP99: Teton County | AQ99: Twin Falls County | AR99: Valley County | AS99: Washington County | AT99: ACS Total | AU99: Model Total
A100: Ada County | B100: =B51*(B$96/B$95) -> 265382.49 | C100: =C51*(C$96/C$95) -> 4.8315973 | D100: =D51*(D$96/D$95) -> 18.057361 | E100: =E51*(E$96/E$95) -> 0 | F100: =F51*(F$96/F$95) -> 0 | G100: =G51*(G$96/G$95) -> 0 | H100: =H51*(H$96/H$95) -> 112.63655 | I100: =I51*(I$96/I$95) -> 521.00596 | ... AS100: =AS51*(AS$96/AS$95) -> 50.259601 | AT100: =SUM(B100:AS100) -> 282950.41 | AU100: =model!AT2 -> 274359
A101: Adams County | B101: =B52*(B$96/B$95) -> 6.7033452 | C101: =C52*(C$96/C$95) -> 1993.5945 | D101: =D52*(D$96/D$95) -> 0 | E101: =E52*(E$96/E$95) -> 0 | F101: =F52*(F$96/F$95) -> 0 | G101: =G52*(G$96/G$95) -> 0 | H101: =H52*(H$96/H$95) -> 0 | I101: =I52*(I$96/I$95) -> 0 | ... AS101: =AS52*(AS$96/AS$95) -> 14.027903 | AT101: =SUM(B101:AS101) -> 2823.4771 | AU101: =model!AT3 -> 2471
A102: Bannock County | B102: =B53*(B$96/B$95) -> 36.337872 | C102: =C53*(C$96/C$95) -> 0 | D102: =D53*(D$96/D$95) -> 46015.779 | E102: =E53*(E$96/E$95) -> 0 | F102: =F53*(F$96/F$95) -> 0 | G102: =G53*(G$96/G$95) -> 1312.3479 | H102: =H53*(H$96/H$95) -> 0 | I102: =I53*(I$96/I$95) -> 0 | ... AS102: =AS53*(AS$96/AS$95) -> 0 | AT102: =SUM(B102:AS102) -> 50780.874 | AU102: =model!AT4 -> 49878
A103: Bear Lake County | B103: =B54*(B$96/B$95) -> 22.765056 | C103: =C54*(C$96/C$95) -> 0 | D103: =D54*(D$96/D$95) -> 45.642969 | E103: =E54*(E$96/E$95) -> 2454.3475 | F103: =F54*(F$96/F$95) -> 0 | G103: =G54*(G$96/G$95) -> 1.1167666 | H103: =H54*(H$96/H$95) -> 0 | I103: =I54*(I$96/I$95) -> 0 | ... AS103: =AS54*(AS$96/AS$95) -> 0 | AT103: =SUM(B103:AS103) -> 3046.4647 | AU103: =model!AT5 -> 3331
A104: Benewah County | B104: =B55*(B$96/B$95) -> 0 | C104: =C55*(C$96/C$95) -> 0 | D104: =D55*(D$96/D$95) -> 0 | E104: =E55*(E$96/E$95) -> 0 | F104: =F55*(F$96/F$95) -> 2498.3091 | G104: =G55*(G$96/G$95) -> 0 | H104: =H55*(H$96/H$95) -> 0 | I104: =I55*(I$96/I$95) -> 0 | ... AS104: =AS55*(AS$96/AS$95) -> 0 | AT104: =SUM(B104:AS104) -> 3622.1487 | AU104: =model!AT6 -> 4939
A105: Bingham County | B105: =B56*(B$96/B$95) -> 0 | C105: =C56*(C$96/C$95) -> 0 | D105: =D56*(D$96/D$95) -> 1489.179 | E105: =E56*(E$96/E$95) -> 0 | F105: =F56*(F$96/F$95) -> 0 | G105: =G56*(G$96/G$95) -> 12394.089 | H105: =H56*(H$96/H$95) -> 0 | I105: =I56*(I$96/I$95) -> 0 | ... AS105: =AS56*(AS$96/AS$95) -> 0 | AT105: =SUM(B105:AS105) -> 27855.321 | AU105: =model!AT7 -> 25685
A106: Blaine County | B106: =B57*(B$96/B$95) -> 0 | C106: =C57*(C$96/C$95) -> 0 | D106: =D57*(D$96/D$95) -> 0 | E106: =E57*(E$96/E$95) -> 0 | F106: =F57*(F$96/F$95) -> 0 | G106: =G57*(G$96/G$95) -> 0 | H106: =H57*(H$96/H$95) -> 13001.261 | I106: =I57*(I$96/I$95) -> 0 | ... AS106: =AS57*(AS$96/AS$95) -> 0 | AT106: =SUM(B106:AS106) -> 13160.505 | AU106: =model!AT8 -> 13880
A107: Boise County | B107: =B58*(B$96/B$95) -> 2242.2198 | C107: =C58*(C$96/C$95) -> 0 | D107: =D58*(D$96/D$95) -> 0 | E107: =E58*(E$96/E$95) -> 0 | F107: =F58*(F$96/F$95) -> 0 | G107: =G58*(G$96/G$95) -> 0 | H107: =H58*(H$96/H$95) -> 0 | I107: =I58*(I$96/I$95) -> 1598.9184 | ... AS107: =AS58*(AS$96/AS$95) -> 0 | AT107: =SUM(B107:AS107) -> 3910.3284 | AU107: =model!AT9 -> 4431
A108: Bonner County | B108: =B59*(B$96/B$95) -> 0 | C108: =C59*(C$96/C$95) -> 0 | D108: =D59*(D$96/D$95) -> 0 | E108: =E59*(E$96/E$95) -> 0 | F108: =F59*(F$96/F$95) -> 0 | G108: =G59*(G$96/G$95) -> 0 | H108: =H59*(H$96/H$95) -> 0 | I108: =I59*(I$96/I$95) -> 0 | ... AS108: =AS59*(AS$96/AS$95) -> 0 | AT108: =SUM(B108:AS108) -> 19810.011 | AU108: =model!AT10 -> 24539
A109: Bonneville County | B109: =B60*(B$96/B$95) -> 49.407972 | C109: =C60*(C$96/C$95) -> 0 | D109: =D60*(D$96/D$95) -> 210.12914 | E109: =E60*(E$96/E$95) -> 0 | F109: =F60*(F$96/F$95) -> 0 | G109: =G60*(G$96/G$95) -> 853.27585 | H109: =H60*(H$96/H$95) -> 0 | I109: =I60*(I$96/I$95) -> 0 | ... AS109: =AS60*(AS$96/AS$95) -> 0 | AT109: =SUM(B109:AS109) -> 70709.991 | AU109: =model!AT11 -> 37185
A110: Boundary County | B110: =B61*(B$96/B$95) -> 0 | C110: =C61*(C$96/C$95) -> 0 | D110: =D61*(D$96/D$95) -> 0 | E110: =E61*(E$96/E$95) -> 0 | F110: =F61*(F$96/F$95) -> 0 | G110: =G61*(G$96/G$95) -> 0 | H110: =H61*(H$96/H$95) -> 0 | I110: =I61*(I$96/I$95) -> 0 | ... AS110: =AS61*(AS$96/AS$95) -> 0 | AT110: =SUM(B110:AS110) -> 4647.0544 | AU110: =model!AT12 -> 6355
A111: Butte County | B111: =B62*(B$96/B$95) -> 0 | C111: =C62*(C$96/C$95) -> 0 | D111: =D62*(D$96/D$95) -> 7.402944 | E111: =E62*(E$96/E$95) -> 0 | F111: =F62*(F$96/F$95) -> 0 | G111: =G62*(G$96/G$95) -> 4.347146 | H111: =H62*(H$96/H$95) -> 0 | I111: =I62*(I$96/I$95) -> 0 | ... AS111: =AS62*(AS$96/AS$95) -> 0 | AT111: =SUM(B111:AS111) -> 601.43189 | AU111: =model!AT13 -> 1448
... A143: Washington County | B143: =B94*(B$96/B$95) -> 327.9037 | C143: =C94*(C$96/C$95) -> 42.000732 | D143: =D94*(D$96/D$95) -> 0 | E143: =E94*(E$96/E$95) -> 0 | F143: =F94*(F$96/F$95) -> 0 | G143: =G94*(G$96/G$95) -> 0 | H143: =H94*(H$96/H$95) -> 0 | I143: =I94*(I$96/I$95) -> 0 | ... AS143: =AS94*(AS$96/AS$95) -> 3419.4095 | AT143: =SUM(B143:AS143) -> 4094.6391 | AU143: =model!AT45 -> 5477
A144: ACS Total | B144: =SUM(B100:B143) -> 318899 | C144: =SUM(C100:C143) -> 2213 | D144: =SUM(D100:D143) -> 49379 | E144: =SUM(E100:E143) -> 2573 | F144: =SUM(F100:F143) -> 3502 | G144: =SUM(G100:G143) -> 15093 | H144: =SUM(H100:H143) -> 14867 | I144: =SUM(I100:I143) -> 2245 | ... AS144: =SUM(AS100:AS143) -> 3832 | AT144: {=SQRT(AVERAGE((B100-B51)^2))/AVERAGE($B$2:$AS$45)} -> 22.220213
A145: Model Total | B145: =model!B46 -> 318899 | C145: =model!C46 -> 2213 | D145: =model!D46 -> 49379 | E145: =model!E46 -> 2573 | F145: =model!F46 -> 3502 | G145: =model!G46 -> 15093 | H145: =model!H46 -> 14867 | I145: =model!I46 -> 2245 | ... AS145: =model!AS46 -> 3832
A148: Iter 2R | B148: Ada County | C148: Adams County | D148: Bannock County | E148: Bear Lake County | F148: Benewah County | G148: Bingham County | H148: Blaine County | I148: Boise County | J148: Bonner County | K148: Bonneville County | L148: Boundary County | M148: Butte County | N148: Camas County | O148: Canyon County | P148: Caribou County | Q148: Cassia County | R148: Clark County | S148: Clearwater County | T148: Custer County | U148: Elmore County | V148: Franklin County | W148: Fremont County | X148: Gem County | Y148: Gooding County | Z148: Idaho County | AA148: Jefferson County | AB148: Jerome County | AC148: Kootenai County | AD148: Latah County | AE148: Lemhi County | AF148: Lewis County | AG148: Lincoln County | AH148: Madison County | AI148: Minidoka County | AJ148: Nez Perce County | AK148: Oneida County | AL148: Owyhee County | AM148: Payette County | AN148: Power County | AO148: Shoshone County | AP148: Teton County | AQ148: Twin Falls County | AR148: Valley County | AS148: Washington County | AT148: ACS Total | AU148: Model Total
A149: Ada County | B149: =B100*($AU100/$AT100) -> 257324.51 | C149: =C100*($AU100/$AT100) -> 4.6848924 | D149: =D100*($AU100/$AT100) -> 17.509073 | E149: =E100*($AU100/$AT100) -> 0 | F149: =F100*($AU100/$AT100) -> 0 | G149: =G100*($AU100/$AT100) -> 0 | H149: =H100*($AU100/$AT100) -> 109.21649 | I149: =I100*($AU100/$AT100) -> 505.18632 | ... AS149: =AS100*($AU100/$AT100) -> 48.733536 | AT149: =SUM(B149:AS149) -> 274359 | AU149: =model!AT2 -> 274359
A150: Adams County | B150: =B101*($AU101/$AT101) -> 5.8665133 | C150: =C101*($AU101/$AT101) -> 1744.7183 | D150: =D101*($AU101/$AT101) -> 0 | E150: =E101*($AU101/$AT101) -> 0 | F150: =F101*($AU101/$AT101) -> 0 | G150: =G101*($AU101/$AT101) -> 0 | H150: =H101*($AU101/$AT101) -> 0 | I150: =I101*($AU101/$AT101) -> 0 | ... AS150: =AS101*($AU101/$AT101) -> 12.276689 | AT150: =SUM(B150:AS150) -> 2471 | AU150: =model!AT3 -> 2471
A151: Bannock County | B151: =B102*($AU102/$AT102) -> 35.691792 | C151: =C102*($AU102/$AT102) -> 0 | D151: =D102*($AU102/$AT102) -> 45197.628 | E151: =E102*($AU102/$AT102) -> 0 | F151: =F102*($AU102/$AT102) -> 0 | G151: =G102*($AU102/$AT102) -> 1289.0146 | H151: =H102*($AU102/$AT102) -> 0 | I151: =I102*($AU102/$AT102) -> 0 | ... AS151: =AS102*($AU102/$AT102) -> 0 | AT151: =SUM(B151:AS151) -> 49878 | AU151: =model!AT4 -> 49878
A152: Bear Lake County | B152: =B103*($AU103/$AT103) -> 24.891278 | C152: =C103*($AU103/$AT103) -> 0 | D152: =D103*($AU103/$AT103) -> 49.905954 | E152: =E103*($AU103/$AT103) -> 2683.5799 | F152: =F103*($AU103/$AT103) -> 0 | G152: =G103*($AU103/$AT103) -> 1.2210709 | H152: =H103*($AU103/$AT103) -> 0 | I152: =I103*($AU103/$AT103) -> 0 | ... AS152: =AS103*($AU103/$AT103) -> 0 | AT152: =SUM(B152:AS152) -> 3331 | AU152: =model!AT5 -> 3331
A153: Benewah County | B153: =B104*($AU104/$AT104) -> 0 | C153: =C104*($AU104/$AT104) -> 0 | D153: =D104*($AU104/$AT104) -> 0 | E153: =E104*($AU104/$AT104) -> 0 | F153: =F104*($AU104/$AT104) -> 3406.5825 | G153: =G104*($AU104/$AT104) -> 0 | H153: =H104*($AU104/$AT104) -> 0 | I153: =I104*($AU104/$AT104) -> 0 | ... AS153: =AS104*($AU104/$AT104) -> 0 | AT153: =SUM(B153:AS153) -> 4939 | AU153: =model!AT6 -> 4939
A154: Bingham County | B154: =B105*($AU105/$AT105) -> 0 | C154: =C105*($AU105/$AT105) -> 0 | D154: =D105*($AU105/$AT105) -> 1373.151 | E154: =E105*($AU105/$AT105) -> 0 | F154: =F105*($AU105/$AT105) -> 0 | G154: =G105*($AU105/$AT105) -> 11428.415 | H154: =H105*($AU105/$AT105) -> 0 | I154: =I105*($AU105/$AT105) -> 0 | ... AS154: =AS105*($AU105/$AT105) -> 0 | AT154: =SUM(B154:AS154) -> 25685 | AU154: =model!AT7 -> 25685
A155: Blaine County | B155: =B106*($AU106/$AT106) -> 0 | C155: =C106*($AU106/$AT106) -> 0 | D155: =D106*($AU106/$AT106) -> 0 | E155: =E106*($AU106/$AT106) -> 0 | F155: =F106*($AU106/$AT106) -> 0 | G155: =G106*($AU106/$AT106) -> 0 | H155: =H106*($AU106/$AT106) -> 13712.05 | I155: =I106*($AU106/$AT106) -> 0 | ... AS155: =AS106*($AU106/$AT106) -> 0 | AT155: =SUM(B155:AS155) -> 13880 | AU155: =model!AT8 -> 13880
A156: Boise County | B156: =B107*($AU107/$AT107) -> 2540.7779 | C156: =C107*($AU107/$AT107) -> 0 | D156: =D107*($AU107/$AT107) -> 0 | E156: =E107*($AU107/$AT107) -> 0 | F156: =F107*($AU107/$AT107) -> 0 | G156: =G107*($AU107/$AT107) -> 0 | H156: =H107*($AU107/$AT107) -> 0 | I156: =I107*($AU107/$AT107) -> 1811.8191 | ... AS156: =AS107*($AU107/$AT107) -> 0 | AT156: =SUM(B156:AS156) -> 4431 | AU156: =model!AT9 -> 4431
A157: Bonner County | B157: =B108*($AU108/$AT108) -> 0 | C157: =C108*($AU108/$AT108) -> 0 | D157: =D108*($AU108/$AT108) -> 0 | E157: =E108*($AU108/$AT108) -> 0 | F157: =F108*($AU108/$AT108) -> 0 | G157: =G108*($AU108/$AT108) -> 0 | H157: =H108*($AU108/$AT108) -> 0 | I157: =I108*($AU108/$AT108) -> 0 | ... AS157: =AS108*($AU108/$AT108) -> 0 | AT157: =SUM(B157:AS157) -> 24539 | AU157: =model!AT10 -> 24539
A158: Bonneville County | B158: =B109*($AU109/$AT109) -> 25.982685 | C158: =C109*($AU109/$AT109) -> 0 | D158: =D109*($AU109/$AT109) -> 110.5028 | E158: =E109*($AU109/$AT109) -> 0 | F158: =F109*($AU109/$AT109) -> 0 | G158: =G109*($AU109/$AT109) -> 448.72107 | H158: =H109*($AU109/$AT109) -> 0 | I158: =I109*($AU109/$AT109) -> 0 | ... AS158: =AS109*($AU109/$AT109) -> 0 | AT158: =SUM(B158:AS158) -> 37185 | AU158: =model!AT11 -> 37185
A159: Boundary County | B159: =B110*($AU110/$AT110) -> 0 | C159: =C110*($AU110/$AT110) -> 0 | D159: =D110*($AU110/$AT110) -> 0 | E159: =E110*($AU110/$AT110) -> 0 | F159: =F110*($AU110/$AT110) -> 0 | G159: =G110*($AU110/$AT110) -> 0 | H159: =H110*($AU110/$AT110) -> 0 | I159: =I110*($AU110/$AT110) -> 0 | ... AS159: =AS110*($AU110/$AT110) -> 0 | AT159: =SUM(B159:AS159) -> 6355 | AU159: =model!AT12 -> 6355
A160: Butte County | B160: =B111*($AU111/$AT111) -> 0 | C160: =C111*($AU111/$AT111) -> 0 | D160: =D111*($AU111/$AT111) -> 17.823237 | E160: =E111*($AU111/$AT111) -> 0 | F160: =F111*($AU111/$AT111) -> 0 | G160: =G111*($AU111/$AT111) -> 10.466135 | H160: =H111*($AU111/$AT111) -> 0 | I160: =I111*($AU111/$AT111) -> 0 | ... AS160: =AS111*($AU111/$AT111) -> 0 | AT160: =SUM(B160:AS160) -> 1448 | AU160: =model!AT13 -> 1448
... A192: Washington County | B192: =B143*($AU143/$AT143) -> 438.60485 | C192: =C143*($AU143/$AT143) -> 56.180289 | D192: =D143*($AU143/$AT143) -> 0 | E192: =E143*($AU143/$AT143) -> 0 | F192: =F143*($AU143/$AT143) -> 0 | G192: =G143*($AU143/$AT143) -> 0 | H192: =H143*($AU143/$AT143) -> 0 | I192: =I143*($AU143/$AT143) -> 0 | ... AS192: =AS143*($AU143/$AT143) -> 4573.8112 | AT192: =SUM(B192:AS192) -> 5477 | AU192: =model!AT45 -> 5477
A193: ACS Total | B193: =SUM(B149:B192) -> 311603.35 | C193: =SUM(C149:C192) -> 2009.1534 | D193: =SUM(D149:D192) -> 49060.163 | E193: =SUM(E149:E192) -> 2861.1898 | F193: =SUM(F149:F192) -> 4344.2884 | G193: =SUM(G149:G192) -> 13838.022 | H193: =SUM(H149:H192) -> 15836.237 | I193: =SUM(I149:I192) -> 2446.3957 | ... AS193: =SUM(AS149:AS192) -> 5072.5102 | AT193: {=SQRT(AVERAGE((B149-B100)^2))/AVERAGE($B$2:$AS$45)} -> 20.369247
A194: Model Total | B194: =model!B46 -> 318899 | C194: =model!C46 -> 2213 | D194: =model!D46 -> 49379 | E194: =model!E46 -> 2573 | F194: =model!F46 -> 3502 | G194: =model!G46 -> 15093 | H194: =model!H46 -> 14867 | I194: =model!I46 -> 2245 | ... AS194: =model!AS46 -> 3832
A197: Iter 2C | B197: Ada County | C197: Adams County | D197: Bannock County | E197: Bear Lake County | F197: Benewah County | G197: Bingham County | H197: Blaine County | I197: Boise County | J197: Bonner County | K197: Bonneville County | L197: Boundary County | M197: Butte County | N197: Camas County | O197: Canyon County | P197: Caribou County | Q197: Cassia County | R197: Clark County | S197: Clearwater County | T197: Custer County | U197: Elmore County | V197: Franklin County | W197: Fremont County | X197: Gem County | Y197: Gooding County | Z197: Idaho County | AA197: Jefferson County | AB197: Jerome County | AC197: Kootenai County | AD197: Latah County | AE197: Lemhi County | AF197: Lewis County | AG197: Lincoln County | AH197: Madison County | AI197: Minidoka County | AJ197: Nez Perce County | AK197: Oneida County | AL197: Owyhee County | AM197: Payette County | AN197: Power County | AO197: Shoshone County | AP197: Teton County | AQ197: Twin Falls County | AR197: Valley County | AS197: Washington County | AT197: ACS Total | AU197: Model Total
A198: Ada County | B198: =B149*(B$194/B$193) -> 263349.32 | C198: {=C149*(C$194/C$193)} -> 5.1602167 | D198: {=D149*(D$194/D$193)} -> 17.622863 | E198: {=E149*(E$194/E$193)} -> 0 | F198: {=F149*(F$194/F$193)} -> 0 | G198: {=G149*(G$194/G$193)} -> 0 | H198: {=H149*(H$194/H$193)} -> 102.53203 | I198: {=I149*(I$194/I$193)} -> 463.59764 | J198: {=J149*(J$194/J$193)} -> 0 | ... AS198: {=AS149*(AS$194/AS$193)} -> 36.815482 | AT198: =SUM(B198:AS198) -> 280215.28 | AU198: =model!AT2 -> 274359
A199: Adams County | B199: {=B150*(B$194/B$193)} -> 6.0038675 | C199: {=C150*(C$194/C$193)} -> 1921.7356 | D199: {=D150*(D$194/D$193)} -> 0 | E199: {=E150*(E$194/E$193)} -> 0 | F199: {=F150*(F$194/F$193)} -> 0 | G199: {=G150*(G$194/G$193)} -> 0 | H199: {=H150*(H$194/H$193)} -> 0 | I199: {=I150*(I$194/I$193)} -> 0 | ... AS199: {=AS150*(AS$194/AS$193)} -> 9.2743572 | AT199: =SUM(B199:AS199) -> 2534.8771 | AU199: =model!AT3 -> 2471
A200: Bannock County | B200: {=B151*(B$194/B$193)} -> 36.527454 | C200: {=C151*(C$194/C$193)} -> 0 | D200: {=D151*(D$194/D$193)} -> 45491.362 | E200: {=E151*(E$194/E$193)} -> 0 | F200: {=F151*(F$194/F$193)} -> 0 | G200: {=G151*(G$194/G$193)} -> 1405.9161 | H200: {=H151*(H$194/H$193)} -> 0 | I200: {=I151*(I$194/I$193)} -> 0 | ... AS200: {=AS151*(AS$194/AS$193)} -> 0 | AT200: =SUM(B200:AS200) -> 50915.865 | AU200: =model!AT4 -> 49878
A201: Bear Lake County | B201: {=B152*(B$194/B$193)} -> 25.474065 | C201: {=C152*(C$194/C$193)} -> 0 | D201: {=D152*(D$194/D$193)} -> 50.230288 | E201: {=E152*(E$194/E$193)} -> 2413.2796 | F201: {=F152*(F$194/F$193)} -> 0 | G201: {=G152*(G$194/G$193)} -> 1.3318105 | H201: {=H152*(H$194/H$193)} -> 0 | I201: {=I152*(I$194/I$193)} -> 0 | ... AS201: {=AS152*(AS$194/AS$193)} -> 0 | AT201: =SUM(B201:AS201) -> 2897.3062 | AU201: =model!AT5 -> 3331
A202: Benewah County | B202: {=B153*(B$194/B$193)} -> 0 | C202: {=C153*(C$194/C$193)} -> 0 | D202: {=D153*(D$194/D$193)} -> 0 | E202: {=E153*(E$194/E$193)} -> 0 | F202: {=F153*(F$194/F$193)} -> 2746.1004 | G202: {=G153*(G$194/G$193)} -> 0 | H202: {=H153*(H$194/H$193)} -> 0 | I202: {=I153*(I$194/I$193)} -> 0 | ... AS202: {=AS153*(AS$194/AS$193)} -> 0 | AT202: =SUM(B202:AS202) -> 4407.7972 | AU202: =model!AT6 -> 4939
A203: Bingham County | B203: {=B154*(B$194/B$193)} -> 0 | C203: {=C154*(C$194/C$193)} -> 0 | D203: {=D154*(D$194/D$193)} -> 1382.075 | E203: {=E154*(E$194/E$193)} -> 0 | F203: {=F154*(F$194/F$193)} -> 0 | G203: {=G154*(G$194/G$193)} -> 12464.865 | H203: {=H154*(H$194/H$193)} -> 0 | I203: {=I154*(I$194/I$193)} -> 0 | ... AS203: {=AS154*(AS$194/AS$193)} -> 0 | AT203: =SUM(B203:AS203) -> 32613.25 | AU203: =model!AT7 -> 25685
A204: Blaine County | B204: {=B155*(B$194/B$193)} -> 0 | C204: {=C155*(C$194/C$193)} -> 0 | D204: {=D155*(D$194/D$193)} -> 0 | E204: {=E155*(E$194/E$193)} -> 0 | F204: {=F155*(F$194/F$193)} -> 0 | G204: {=G155*(G$194/G$193)} -> 0 | H204: {=H155*(H$194/H$193)} -> 12872.821 | I204: {=I155*(I$194/I$193)} -> 0 | ... AS204: {=AS155*(AS$194/AS$193)} -> 0 | AT204: =SUM(B204:AS204) -> 13010.552 | AU204: =model!AT8 -> 13880
A205: Boise County | B205: {=B156*(B$194/B$193)} -> 2600.2658 | C205: {=C156*(C$194/C$193)} -> 0 | D205: {=D156*(D$194/D$193)} -> 0 | E205: {=E156*(E$194/E$193)} -> 0 | F205: {=F156*(F$194/F$193)} -> 0 | G205: {=G156*(G$194/G$193)} -> 0 | H205: {=H156*(H$194/H$193)} -> 0 | I205: {=I156*(I$194/I$193)} -> 1662.6639 | ... AS205: {=AS156*(AS$194/AS$193)} -> 0 | AT205: =SUM(B205:AS205) -> 4338.8899 | AU205: =model!AT9 -> 4431
A206: Bonner County | B206: {=B157*(B$194/B$193)} -> 0 | C206: {=C157*(C$194/C$193)} -> 0 | D206: {=D157*(D$194/D$193)} -> 0 | E206: {=E157*(E$194/E$193)} -> 0 | F206: {=F157*(F$194/F$193)} -> 0 | G206: {=G157*(G$194/G$193)} -> 0 | H206: {=H157*(H$194/H$193)} -> 0 | I206: {=I157*(I$194/I$193)} -> 0 | ... AS206: {=AS157*(AS$194/AS$193)} -> 0 | AT206: =SUM(B206:AS206) -> 20901.923 | AU206: =model!AT10 -> 24539
A207: Bonneville County | B207: {=B158*(B$194/B$193)} -> 26.591025 | C207: {=C158*(C$194/C$193)} -> 0 | D207: {=D158*(D$194/D$193)} -> 111.22095 | E207: {=E158*(E$194/E$193)} -> 0 | F207: {=F158*(F$194/F$193)} -> 0 | G207: {=G158*(G$194/G$193)} -> 489.41584 | H207: {=H158*(H$194/H$193)} -> 0 | I207: {=I158*(I$194/I$193)} -> 0 | ... AS207: {=AS158*(AS$194/AS$193)} -> 0 | AT207: =SUM(B207:AS207) -> 54561.713 | AU207: =model!AT11 -> 37185
A208: Boundary County | B208: {=B159*(B$194/B$193)} -> 0 | C208: {=C159*(C$194/C$193)} -> 0 | D208: {=D159*(D$194/D$193)} -> 0 | E208: {=E159*(E$194/E$193)} -> 0 | F208: {=F159*(F$194/F$193)} -> 0 | G208: {=G159*(G$194/G$193)} -> 0 | H208: {=H159*(H$194/H$193)} -> 0 | I208: {=I159*(I$194/I$193)} -> 0 | ... AS208: {=AS159*(AS$194/AS$193)} -> 0 | AT208: =SUM(B208:AS208) -> 4819.1536 | AU208: =model!AT12 -> 6355
A209: Butte County | B209: {=B160*(B$194/B$193)} -> 0 | C209: {=C160*(C$194/C$193)} -> 0 | D209: {=D160*(D$194/D$193)} -> 17.939068 | E209: {=E160*(E$194/E$193)} -> 0 | F209: {=F160*(F$194/F$193)} -> 0 | G209: {=G160*(G$194/G$193)} -> 11.415315 | H209: {=H160*(H$194/H$193)} -> 0 | I209: {=I160*(I$194/I$193)} -> 0 | ... AS209: {=AS160*(AS$194/AS$193)} -> 0 | AT209: =SUM(B209:AS209) -> 1720.1107 | AU209: =model!AT13 -> 1448
A210: Camas County | B210: {=B161*(B$194/B$193)} -> 0 | C210: {=C161*(C$194/C$193)} -> 0 | D210: {=D161*(D$194/D$193)} -> 0 | E210: {=E161*(E$194/E$193)} -> 0 | F210: {=F161*(F$194/F$193)} -> 0 | G210: {=G161*(G$194/G$193)} -> 0 | H210: {=H161*(H$194/H$193)} -> 380.69308 | I210: {=I161*(I$194/I$193)} -> 0 | ... AS210: {=AS161*(AS$194/AS$193)} -> 0 | AT210: =SUM(B210:AS210) -> 668.71871 | AU210: =model!AT14 -> 737
... A241: Washington County | B241: {=B192*(B$194/B$193)} -> 448.87402 | C241: {=C192*(C$194/C$193)} -> 61.880283 | D241: {=D192*(D$194/D$193)} -> 0 | E241: {=E192*(E$194/E$193)} -> 0 | F241: {=F192*(F$194/F$193)} -> 0 | G241: {=G192*(G$194/G$193)} -> 0 | H241: {=H192*(H$194/H$193)} -> 0 | I241: {=I192*(I$194/I$193)} -> 0 | ... AS241: {=AS192*(AS$194/AS$193)} -> 3455.2606 | AT241: =SUM(B241:AS241) -> 4327.034 | AU241: =model!AT45 -> 5477
A242: ACS Total | B242: =SUM(B198:B241) -> 318899 | C242: =SUM(C198:C241) -> 2213 | D242: =SUM(D198:D241) -> 49379 | E242: =SUM(E198:E241) -> 2573 | F242: =SUM(F198:F241) -> 3502 | G242: =SUM(G198:G241) -> 15093 | H242: =SUM(H198:H241) -> 14867 | I242: =SUM(I198:I241) -> 2245 | ... AS242: =SUM(AS198:AS241) -> 3832 | AT242: {=SQRT(AVERAGE((B198-B149)^2))/AVERAGE($B$2:$AS$45)} -> 15.229713
A243: Model Total | B243: =model!B46 -> 318899 | C243: =model!C46 -> 2213 | D243: =model!D46 -> 49379 | E243: =model!E46 -> 2573 | F243: =model!F46 -> 3502 | G243: =model!G46 -> 15093 | H243: =model!H46 -> 14867 | I243: =model!I46 -> 2245 | ... AS243: =model!AS46 -> 3832
A246: Iter 3R | B246: Ada County | C246: Adams County | D246: Bannock County | E246: Bear Lake County | F246: Benewah County | G246: Bingham County | H246: Blaine County | I246: Boise County | J246: Bonner County | K246: Bonneville County | L246: Boundary County | M246: Butte County | N246: Camas County | O246: Canyon County | P246: Caribou County | Q246: Cassia County | R246: Clark County | S246: Clearwater County | T246: Custer County | U246: Elmore County | V246: Franklin County | W246: Fremont County | X246: Gem County | Y246: Gooding County | Z246: Idaho County | AA246: Jefferson County | AB246: Jerome County | AC246: Kootenai County | AD246: Latah County | AE246: Lemhi County | AF246: Lewis County | AG246: Lincoln County | AH246: Madison County | AI246: Minidoka County | AJ246: Nez Perce County | AK246: Oneida County | AL246: Owyhee County | AM246: Payette County | AN246: Power County | AO246: Shoshone County | AP246: Teton County | AQ246: Twin Falls County | AR246: Valley County | AS246: Washington County | AT246: ACS Total | AU246: Model Total
A247: Ada County | B247: =B198*($AU198/$AT198) -> 257845.52 | C247: =C198*($AU198/$AT198) -> 5.0523721 | D247: =D198*($AU198/$AT198) -> 17.254559 | E247: =E198*($AU198/$AT198) -> 0 | F247: =F198*($AU198/$AT198) -> 0 | G247: =G198*($AU198/$AT198) -> 0 | H247: =H198*($AU198/$AT198) -> 100.38919 | I247: =I198*($AU198/$AT198) -> 453.90881 | ... AS247: =AS198*($AU198/$AT198) -> 36.046067 | AT247: =SUM(B247:AS247) -> 274359 | AU247: =model!AT2 -> 274359
A248: Adams County | B248: =B199*($AU199/$AT199) -> 5.8525742 | C248: =C199*($AU199/$AT199) -> 1873.3092 | D248: =D199*($AU199/$AT199) -> 0 | E248: =E199*($AU199/$AT199) -> 0 | F248: =F199*($AU199/$AT199) -> 0 | G248: =G199*($AU199/$AT199) -> 0 | H248: =H199*($AU199/$AT199) -> 0 | I248: =I199*($AU199/$AT199) -> 0 | ... AS248: =AS199*($AU199/$AT199) -> 9.0406498 | AT248: =SUM(B248:AS248) -> 2471 | AU248: =model!AT3 -> 2471
A249: Bannock County | B249: =B200*($AU200/$AT200) -> 35.782881 | C249: =C200*($AU200/$AT200) -> 0 | D249: =D200*($AU200/$AT200) -> 44564.07 | E249: =E200*($AU200/$AT200) -> 0 | F249: =F200*($AU200/$AT200) -> 0 | G249: =G200*($AU200/$AT200) -> 1377.258 | H249: =H200*($AU200/$AT200) -> 0 | I249: =I200*($AU200/$AT200) -> 0 | ... AS249: =AS200*($AU200/$AT200) -> 0 | AT249: =SUM(B249:AS249) -> 49878 | AU249: =model!AT4 -> 49878
A250: Bear Lake County | B250: =B201*($AU201/$AT201) -> 29.287242 | C250: =C201*($AU201/$AT201) -> 0 | D250: =D201*($AU201/$AT201) -> 57.74919 | E250: =E201*($AU201/$AT201) -> 2774.5201 | F250: =F201*($AU201/$AT201) -> 0 | G250: =G201*($AU201/$AT201) -> 1.5311674 | H250: =H201*($AU201/$AT201) -> 0 | I250: =I201*($AU201/$AT201) -> 0 | ... AS250: =AS201*($AU201/$AT201) -> 0 | AT250: =SUM(B250:AS250) -> 3331 | AU250: =model!AT5 -> 3331
A251: Benewah County | B251: =B202*($AU202/$AT202) -> 0 | C251: =C202*($AU202/$AT202) -> 0 | D251: =D202*($AU202/$AT202) -> 0 | E251: =E202*($AU202/$AT202) -> 0 | F251: =F202*($AU202/$AT202) -> 3077.0448 | G251: =G202*($AU202/$AT202) -> 0 | H251: =H202*($AU202/$AT202) -> 0 | I251: =I202*($AU202/$AT202) -> 0 | ... AS251: =AS202*($AU202/$AT202) -> 0 | AT251: =SUM(B251:AS251) -> 4939 | AU251: =model!AT6 -> 4939
A252: Bingham County | B252: =B203*($AU203/$AT203) -> 0 | C252: =C203*($AU203/$AT203) -> 0 | D252: =D203*($AU203/$AT203) -> 1088.4716 | E252: =E203*($AU203/$AT203) -> 0 | F252: =F203*($AU203/$AT203) -> 0 | G252: =G203*($AU203/$AT203) -> 9816.8706 | H252: =H203*($AU203/$AT203) -> 0 | I252: =I203*($AU203/$AT203) -> 0 | ... AS252: =AS203*($AU203/$AT203) -> 0 | AT252: =SUM(B252:AS252) -> 25685 | AU252: =model!AT7 -> 25685
A253: Blaine County | B253: =B204*($AU204/$AT204) -> 0 | C253: =C204*($AU204/$AT204) -> 0 | D253: =D204*($AU204/$AT204) -> 0 | E253: =E204*($AU204/$AT204) -> 0 | F253: =F204*($AU204/$AT204) -> 0 | G253: =G204*($AU204/$AT204) -> 0 | H253: =H204*($AU204/$AT204) -> 13733.065 | I253: =I204*($AU204/$AT204) -> 0 | ... AS253: =AS204*($AU204/$AT204) -> 0 | AT253: =SUM(B253:AS253) -> 13880 | AU253: =model!AT8 -> 13880
A254: Boise County | B254: =B205*($AU205/$AT205) -> 2655.4668 | C254: =C205*($AU205/$AT205) -> 0 | D254: =D205*($AU205/$AT205) -> 0 | E254: =E205*($AU205/$AT205) -> 0 | F254: =F205*($AU205/$AT205) -> 0 | G254: =G205*($AU205/$AT205) -> 0 | H254: =H205*($AU205/$AT205) -> 0 | I254: =I205*($AU205/$AT205) -> 1697.9605 | ... AS254: =AS205*($AU205/$AT205) -> 0 | AT254: =SUM(B254:AS254) -> 4431 | AU254: =model!AT9 -> 4431
A255: Bonner County | B255: =B206*($AU206/$AT206) -> 0 | C255: =C206*($AU206/$AT206) -> 0 | D255: =D206*($AU206/$AT206) -> 0 | E255: =E206*($AU206/$AT206) -> 0 | F255: =F206*($AU206/$AT206) -> 0 | G255: =G206*($AU206/$AT206) -> 0 | H255: =H206*($AU206/$AT206) -> 0 | I255: =I206*($AU206/$AT206) -> 0 | ... AS255: =AS206*($AU206/$AT206) -> 0 | AT255: =SUM(B255:AS255) -> 24539 | AU255: =model!AT10 -> 24539
A256: Bonneville County | B256: =B207*($AU207/$AT207) -> 18.122365 | C256: =C207*($AU207/$AT207) -> 0 | D256: =D207*($AU207/$AT207) -> 75.799508 | E256: =E207*($AU207/$AT207) -> 0 | F256: =F207*($AU207/$AT207) -> 0 | G256: =G207*($AU207/$AT207) -> 333.54759 | H256: =H207*($AU207/$AT207) -> 0 | I256: =I207*($AU207/$AT207) -> 0 | ... AS256: =AS207*($AU207/$AT207) -> 0 | AT256: =SUM(B256:AS256) -> 37185 | AU256: =model!AT11 -> 37185
A257: Boundary County | B257: =B208*($AU208/$AT208) -> 0 | C257: =C208*($AU208/$AT208) -> 0 | D257: =D208*($AU208/$AT208) -> 0 | E257: =E208*($AU208/$AT208) -> 0 | F257: =F208*($AU208/$AT208) -> 0 | G257: =G208*($AU208/$AT208) -> 0 | H257: =H208*($AU208/$AT208) -> 0 | I257: =I208*($AU208/$AT208) -> 0 | ... AS257: =AS208*($AU208/$AT208) -> 0 | AT257: =SUM(B257:AS257) -> 6355 | AU257: =model!AT12 -> 6355
A258: Butte County | B258: =B209*($AU209/$AT209) -> 0 | C258: =C209*($AU209/$AT209) -> 0 | D258: =D209*($AU209/$AT209) -> 15.101221 | E258: =E209*($AU209/$AT209) -> 0 | F258: =F209*($AU209/$AT209) -> 0 | G258: =G209*($AU209/$AT209) -> 9.6094842 | H258: =H209*($AU209/$AT209) -> 0 | I258: =I209*($AU209/$AT209) -> 0 | ... AS258: =AS209*($AU209/$AT209) -> 0 | AT258: =SUM(B258:AS258) -> 1448 | AU258: =model!AT13 -> 1448
... A290: Washington County | B290: =B241*($AU241/$AT241) -> 568.16818 | C290: =C241*($AU241/$AT241) -> 78.32578 | D290: =D241*($AU241/$AT241) -> 0 | E290: =E241*($AU241/$AT241) -> 0 | F290: =F241*($AU241/$AT241) -> 0 | G290: =G241*($AU241/$AT241) -> 0 | H290: =H241*($AU241/$AT241) -> 0 | I290: =I241*($AU241/$AT241) -> 0 | ... AS290: =AS241*($AU241/$AT241) -> 4373.5414 | AT290: =SUM(B290:AS290) -> 5477 | AU290: =model!AT45 -> 5477
A291: ACS Total | B291: =SUM(B247:B290) -> 313933.81 | C291: =SUM(C247:C290) -> 2210.5855 | D291: =SUM(D247:D290) -> 48606.403 | E291: =SUM(E247:E290) -> 2984.6237 | F291: =SUM(F247:F290) -> 3795.4384 | G291: =SUM(G247:G290) -> 12324.498 | H291: =SUM(H247:H290) -> 16027.731 | I291: =SUM(I247:I290) -> 2272.3386 | ... AS291: =SUM(AS247:AS290) -> 4795.8206 | AT291: {=SQRT(AVERAGE((B247-B198)^2))/AVERAGE($B$2:$AS$45)} -> 13.912692
A292: Model Total | B292: =model!B46 -> 318899 | C292: =model!C46 -> 2213 | D292: =model!D46 -> 49379 | E292: =model!E46 -> 2573 | F292: =model!F46 -> 3502 | G292: =model!G46 -> 15093 | H292: =model!H46 -> 14867 | I292: =model!I46 -> 2245 | ... AS292: =model!AS46 -> 3832
A295: Iter 3C | B295: Ada County | C295: Adams County | D295: Bannock County | E295: Bear Lake County | F295: Benewah County | G295: Bingham County | H295: Blaine County | I295: Boise County | J295: Bonner County | K295: Bonneville County | L295: Boundary County | M295: Butte County | N295: Camas County | O295: Canyon County | P295: Caribou County | Q295: Cassia County | R295: Clark County | S295: Clearwater County | T295: Custer County | U295: Elmore County | V295: Franklin County | W295: Fremont County | X295: Gem County | Y295: Gooding County | Z295: Idaho County | AA295: Jefferson County | AB295: Jerome County | AC295: Kootenai County | AD295: Latah County | AE295: Lemhi County | AF295: Lewis County | AG295: Lincoln County | AH295: Madison County | AI295: Minidoka County | AJ295: Nez Perce County | AK295: Oneida County | AL295: Owyhee County | AM295: Payette County | AN295: Power County | AO295: Shoshone County | AP295: Teton County | AQ295: Twin Falls County | AR295: Valley County | AS295: Washington County | AT295: ACS Total | AU295: Model Total
A296: Ada County | B296: =B247*(B$292/B$291) -> 261923.61 | C296: =C247*(C$292/C$291) -> 5.0578905 | D296: =D247*(D$292/D$291) -> 17.528819 | E296: =E247*(E$292/E$291) -> 0 | F296: =F247*(F$292/F$291) -> 0 | G296: =G247*(G$292/G$291) -> 0 | H296: =H247*(H$292/H$291) -> 93.118992 | I296: =I247*(I$292/I$291) -> 448.44781 | ... AS296: =AS247*(AS$292/AS$291) -> 28.801855 | AT296: =SUM(B296:AS296) -> 278348.58 | AU296: =model!AT2 -> 274359
A297: Adams County | B297: =B248*(B$292/B$291) -> 5.9451388 | C297: =C248*(C$292/C$291) -> 1875.3553 | D297: =D248*(D$292/D$291) -> 0 | E297: =E248*(E$292/E$291) -> 0 | F297: =F248*(F$292/F$291) -> 0 | G297: =G248*(G$292/G$291) -> 0 | H297: =H248*(H$292/H$291) -> 0 | I297: =I248*(I$292/I$291) -> 0 | ... AS297: =AS248*(AS$292/AS$291) -> 7.2237418 | AT297: =SUM(B297:AS297) -> 2393.8737 | AU297: =model!AT3 -> 2471
...

Sheet Obs IPF
A1: ='IPF ACS to ASIM'!A834 -> Iter 9R | B1: ='IPF ACS to ASIM'!B834 -> Ada County | C1: ='IPF ACS to ASIM'!C834 -> Adams County | D1: ='IPF ACS to ASIM'!D834 -> Bannock County | E1: ='IPF ACS to ASIM'!E834 -> Bear Lake County | F1: ='IPF ACS to ASIM'!F834 -> Benewah County | G1: ='IPF ACS to ASIM'!G834 -> Bingham County | H1: ='IPF ACS to ASIM'!H834 -> Blaine County | ... AU1: ='IPF ACS to ASIM'!AU834 -> Model Total
A2: ='IPF ACS to ASIM'!A835 -> Ada County | B2: ='IPF ACS to ASIM'!B835 -> 258551.97 | C2: ='IPF ACS to ASIM'!C835 -> 3.462906 | D2: ='IPF ACS to ASIM'!D835 -> 21.329576 | E2: ='IPF ACS to ASIM'!E835 -> 0 | F2: ='IPF ACS to ASIM'!F835 -> 0 | G2: ='IPF ACS to ASIM'!G835 -> 0 | H2: ='IPF ACS to ASIM'!H835 -> 53.267954 | ... AU2: ='IPF ACS to ASIM'!AU835 -> 274359
A3: ='IPF ACS to ASIM'!A836 -> Adams County | B3: ='IPF ACS to ASIM'!B836 -> 9.1761609 | C3: ='IPF ACS to ASIM'!C836 -> 2007.616 | D3: ='IPF ACS to ASIM'!D836 -> 0 | E3: ='IPF ACS to ASIM'!E836 -> 0 | F3: ='IPF ACS to ASIM'!F836 -> 0 | G3: ='IPF ACS to ASIM'!G836 -> 0 | H3: ='IPF ACS to ASIM'!H836 -> 0 | ... AU3: ='IPF ACS to ASIM'!AU836 -> 2471
A4: ='IPF ACS to ASIM'!A837 -> Bannock County | B4: ='IPF ACS to ASIM'!B837 -> 26.737197 | C4: ='IPF ACS to ASIM'!C837 -> 0 | D4: ='IPF ACS to ASIM'!D837 -> 41050.222 | E4: ='IPF ACS to ASIM'!E837 -> 0 | F4: ='IPF ACS to ASIM'!F837 -> 0 | G4: ='IPF ACS to ASIM'!G837 -> 2371.1965 | H4: ='IPF ACS to ASIM'!H837 -> 0 | ... AU4: ='IPF ACS to ASIM'!AU837 -> 49878
A5: ='IPF ACS to ASIM'!A838 -> Bear Lake County | B5: ='IPF ACS to ASIM'!B838 -> 67.829047 | C5: ='IPF ACS to ASIM'!C838 -> 0 | D5: ='IPF ACS to ASIM'!D838 -> 164.88199 | E5: ='IPF ACS to ASIM'!E838 -> 2638.801 | F5: ='IPF ACS to ASIM'!F838 -> 0 | G5: ='IPF ACS to ASIM'!G838 -> 8.1709313 | H5: ='IPF ACS to ASIM'!H838 -> 0 | ... AU5: ='IPF ACS to ASIM'!AU838 -> 3331
A6: ='IPF ACS to ASIM'!A839 -> Benewah County | B6: ='IPF ACS to ASIM'!B839 -> 0 | C6: ='IPF ACS to ASIM'!C839 -> 0 | D6: ='IPF ACS to ASIM'!D839 -> 0 | E6: ='IPF ACS to ASIM'!E839 -> 0 | F6: ='IPF ACS to ASIM'!F839 -> 2800.5388 | G6: ='IPF ACS to ASIM'!G839 -> 0 | H6: ='IPF ACS to ASIM'!H839 -> 0 | ... AU6: ='IPF ACS to ASIM'!AU839 -> 4939
A7: ='IPF ACS to ASIM'!A840 -> Bingham County | B7: ='IPF ACS to ASIM'!B840 -> 0 | C7: ='IPF ACS to ASIM'!C840 -> 0 | D7: ='IPF ACS to ASIM'!D840 -> 545.32446 | E7: ='IPF ACS to ASIM'!E840 -> 0 | F7: ='IPF ACS to ASIM'!F840 -> 0 | G7: ='IPF ACS to ASIM'!G840 -> 9192.4758 | H7: ='IPF ACS to ASIM'!H840 -> 0 | ... AU7: ='IPF ACS to ASIM'!AU840 -> 25685
A8: ='IPF ACS to ASIM'!A841 -> Blaine County | B8: ='IPF ACS to ASIM'!B841 -> 0 | C8: ='IPF ACS to ASIM'!C841 -> 0 | D8: ='IPF ACS to ASIM'!D841 -> 0 | E8: ='IPF ACS to ASIM'!E841 -> 0 | F8: ='IPF ACS to ASIM'!F841 -> 0 | G8: ='IPF ACS to ASIM'!G841 -> 0 | H8: ='IPF ACS to ASIM'!H841 -> 13754.394 | ... AU8: ='IPF ACS to ASIM'!AU841 -> 13880
A9: ='IPF ACS to ASIM'!A842 -> Boise County | B9: ='IPF ACS to ASIM'!B842 -> 2686.0898 | C9: ='IPF ACS to ASIM'!C842 -> 0 | D9: ='IPF ACS to ASIM'!D842 -> 0 | E9: ='IPF ACS to ASIM'!E842 -> 0 | F9: ='IPF ACS to ASIM'!F842 -> 0 | G9: ='IPF ACS to ASIM'!G842 -> 0 | H9: ='IPF ACS to ASIM'!H842 -> 0 | ... AU9: ='IPF ACS to ASIM'!AU842 -> 4431
A10: ='IPF ACS to ASIM'!A843 -> Bonner County | B10: ='IPF ACS to ASIM'!B843 -> 0 | C10: ='IPF ACS to ASIM'!C843 -> 0 | D10: ='IPF ACS to ASIM'!D843 -> 0 | E10: ='IPF ACS to ASIM'!E843 -> 0 | F10: ='IPF ACS to ASIM'!F843 -> 0 | G10: ='IPF ACS to ASIM'!G843 -> 0 | H10: ='IPF ACS to ASIM'!H843 -> 0 | ... AU10: ='IPF ACS to ASIM'!AU843 -> 24539
A11: ='IPF ACS to ASIM'!A844 -> Bonneville County | B11: ='IPF ACS to ASIM'!B844 -> 6.7947204 | C11: ='IPF ACS to ASIM'!C844 -> 0 | D11: ='IPF ACS to ASIM'!D844 -> 35.035894 | E11: ='IPF ACS to ASIM'!E844 -> 0 | F11: ='IPF ACS to ASIM'!F844 -> 0 | G11: ='IPF ACS to ASIM'!G844 -> 288.15501 | H11: ='IPF ACS to ASIM'!H844 -> 0 | ... AU11: ='IPF ACS to ASIM'!AU844 -> 37185
A12: ='IPF ACS to ASIM'!A845 -> Boundary County | B12: ='IPF ACS to ASIM'!B845 -> 0 | C12: ='IPF ACS to ASIM'!C845 -> 0 | D12: ='IPF ACS to ASIM'!D845 -> 0 | E12: ='IPF ACS to ASIM'!E845 -> 0 | F12: ='IPF ACS to ASIM'!F845 -> 0 | G12: ='IPF ACS to ASIM'!G845 -> 0 | H12: ='IPF ACS to ASIM'!H845 -> 0 | ... AU12: ='IPF ACS to ASIM'!AU845 -> 6355
... A45: ='IPF ACS to ASIM'!A878 -> Washington County | B45: ='IPF ACS to ASIM'!B878 -> 999.28257 | C45: ='IPF ACS to ASIM'!C878 -> 94.161471 | D45: ='IPF ACS to ASIM'!D878 -> 0 | E45: ='IPF ACS to ASIM'!E878 -> 0 | F45: ='IPF ACS to ASIM'!F878 -> 0 | G45: ='IPF ACS to ASIM'!G878 -> 0 | H45: ='IPF ACS to ASIM'!H878 -> 0 | ... AU45: ='IPF ACS to ASIM'!AU878 -> 5477
A46: ='IPF ACS to ASIM'!A879 -> ACS Total | B46: ='IPF ACS to ASIM'!B879 -> 319285.77 | C46: ='IPF ACS to ASIM'!C879 -> 2384.0944 | D46: ='IPF ACS to ASIM'!D879 -> 46491.601 | E46: ='IPF ACS to ASIM'!E879 -> 2799.0769 | F46: ='IPF ACS to ASIM'!F879 -> 3412.8602 | G46: ='IPF ACS to ASIM'!G879 -> 13913.62 | H46: ='IPF ACS to ASIM'!H879 -> 16801.644 | ... AS46: ='IPF ACS to ASIM'!AS879 -> 3932.4899 | AT46: =SUM(B46:AS46) -> 972431
A47: ='IPF ACS to ASIM'!A880 -> Model Total | B47: ='IPF ACS to ASIM'!B880 -> 318899 | C47: ='IPF ACS to ASIM'!C880 -> 2213 | D47: ='IPF ACS to ASIM'!D880 -> 49379 | E47: ='IPF ACS to ASIM'!E880 -> 2573 | F47: ='IPF ACS to ASIM'!F880 -> 3502 | G47: ='IPF ACS to ASIM'!G880 -> 15093 | H47: ='IPF ACS to ASIM'!H880 -> 14867 | ... AS47: ='IPF ACS to ASIM'!AS880 -> 3832 | AU47: =SUM(B47:AS47) -> 972431

Sheet Difference (obs IPF-model)
B1: ='IPF ACS to ASIM'!B834 -> Ada County | C1: ='IPF ACS to ASIM'!C834 -> Adams County | D1: ='IPF ACS to ASIM'!D834 -> Bannock County | E1: ='IPF ACS to ASIM'!E834 -> Bear Lake County | F1: ='IPF ACS to ASIM'!F834 -> Benewah County | G1: ='IPF ACS to ASIM'!G834 -> Bingham County | H1: ='IPF ACS to ASIM'!H834 -> Blaine County | I1: ='IPF ACS to ASIM'!I834 -> Boise County | ... AS1: ='IPF ACS to ASIM'!AS834 -> Washington County | AT1: Total
A2: ='IPF ACS to ASIM'!A835 -> Ada County | B2: ='Obs IPF'!B2-model!B2 -> -1698.029 | C2: ='Obs IPF'!C2-model!C2 -> 2.462906 | D2: ='Obs IPF'!D2-model!D2 -> -45.670424 | E2: ='Obs IPF'!E2-model!E2 -> 0 | F2: ='Obs IPF'!F2-model!F2 -> 0 | G2: ='Obs IPF'!G2-model!G2 -> -8 | H2: ='Obs IPF'!H2-model!H2 -> -0.73204602 | I2: ='Obs IPF'!I2-model!I2 -> 417.37783 | ... AT2: ='Obs IPF'!AT2-model!AT2 -> 0
A3: ='IPF ACS to ASIM'!A836 -> Adams County | B3: ='Obs IPF'!B3-model!B3 -> -116.82384 | C3: ='Obs IPF'!C3-model!C3 -> -170.38397 | D3: ='Obs IPF'!D3-model!D3 -> 0 | E3: ='Obs IPF'!E3-model!E3 -> 0 | F3: ='Obs IPF'!F3-model!F3 -> 0 | G3: ='Obs IPF'!G3-model!G3 -> 0 | H3: ='Obs IPF'!H3-model!H3 -> 0 | I3: ='Obs IPF'!I3-model!I3 -> 0 | ... AT3: ='Obs IPF'!AT3-model!AT3 -> 0
A4: ='IPF ACS to ASIM'!A837 -> Bannock County | B4: ='Obs IPF'!B4-model!B4 -> 17.737197 | C4: ='Obs IPF'!C4-model!C4 -> 0 | D4: ='Obs IPF'!D4-model!D4 -> 5426.2224 | E4: ='Obs IPF'!E4-model!E4 -> -1 | F4: ='Obs IPF'!F4-model!F4 -> 0 | G4: ='Obs IPF'!G4-model!G4 -> 1588.1965 | H4: ='Obs IPF'!H4-model!H4 -> -9 | I4: ='Obs IPF'!I4-model!I4 -> 0 | ... AT4: ='Obs IPF'!AT4-model!AT4 -> 0
A5: ='IPF ACS to ASIM'!A838 -> Bear Lake County | B5: ='Obs IPF'!B5-model!B5 -> 65.829047 | C5: ='Obs IPF'!C5-model!C5 -> 0 | D5: ='Obs IPF'!D5-model!D5 -> -48.118007 | E5: ='Obs IPF'!E5-model!E5 -> 78.800976 | F5: ='Obs IPF'!F5-model!F5 -> 0 | G5: ='Obs IPF'!G5-model!G5 -> -17.829069 | H5: ='Obs IPF'!H5-model!H5 -> 0 | I5: ='Obs IPF'!I5-model!I5 -> 0 | ... AT5: ='Obs IPF'!AT5-model!AT5 -> 0
A6: ='IPF ACS to ASIM'!A839 -> Benewah County | B6: ='Obs IPF'!B6-model!B6 -> 0 | C6: ='Obs IPF'!C6-model!C6 -> 0 | D6: ='Obs IPF'!D6-model!D6 -> 0 | E6: ='Obs IPF'!E6-model!E6 -> 0 | F6: ='Obs IPF'!F6-model!F6 -> -284.46119 | G6: ='Obs IPF'!G6-model!G6 -> 0 | H6: ='Obs IPF'!H6-model!H6 -> 0 | I6: ='Obs IPF'!I6-model!I6 -> 0 | ... AT6: ='Obs IPF'!AT6-model!AT6 -> 0
A7: ='IPF ACS to ASIM'!A840 -> Bingham County | B7: ='Obs IPF'!B7-model!B7 -> 0 | C7: ='Obs IPF'!C7-model!C7 -> 0 | D7: ='Obs IPF'!D7-model!D7 -> -1151.6755 | E7: ='Obs IPF'!E7-model!E7 -> 0 | F7: ='Obs IPF'!F7-model!F7 -> 0 | G7: ='Obs IPF'!G7-model!G7 -> -3524.5242 | H7: ='Obs IPF'!H7-model!H7 -> -5 | I7: ='Obs IPF'!I7-model!I7 -> 0 | ... AT7: ='Obs IPF'!AT7-model!AT7 -> 0
A8: ='IPF ACS to ASIM'!A841 -> Blaine County | B8: ='Obs IPF'!B8-model!B8 -> -17 | C8: ='Obs IPF'!C8-model!C8 -> 0 | D8: ='Obs IPF'!D8-model!D8 -> -36 | E8: ='Obs IPF'!E8-model!E8 -> 0 | F8: ='Obs IPF'!F8-model!F8 -> 0 | G8: ='Obs IPF'!G8-model!G8 -> -19 | H8: ='Obs IPF'!H8-model!H8 -> 519.39381 | I8: ='Obs IPF'!I8-model!I8 -> 0 | ... AT8: ='Obs IPF'!AT8-model!AT8 -> 0
A9: ='IPF ACS to ASIM'!A842 -> Boise County | B9: ='Obs IPF'!B9-model!B9 -> 939.08985 | C9: ='Obs IPF'!C9-model!C9 -> 0 | D9: ='Obs IPF'!D9-model!D9 -> -5 | E9: ='Obs IPF'!E9-model!E9 -> 0 | F9: ='Obs IPF'!F9-model!F9 -> 0 | G9: ='Obs IPF'!G9-model!G9 -> 0 | H9: ='Obs IPF'!H9-model!H9 -> -4 | I9: ='Obs IPF'!I9-model!I9 -> -484.11698 | ... AT9: ='Obs IPF'!AT9-model!AT9 -> 0
A10: ='IPF ACS to ASIM'!A843 -> Bonner County | B10: ='Obs IPF'!B10-model!B10 -> 0 | C10: ='Obs IPF'!C10-model!C10 -> 0 | D10: ='Obs IPF'!D10-model!D10 -> 0 | E10: ='Obs IPF'!E10-model!E10 -> 0 | F10: ='Obs IPF'!F10-model!F10 -> -40 | G10: ='Obs IPF'!G10-model!G10 -> 0 | H10: ='Obs IPF'!H10-model!H10 -> 0 | I10: ='Obs IPF'!I10-model!I10 -> 0 | ... AT10: ='Obs IPF'!AT10-model!AT10 -> 0
A11: ='IPF ACS to ASIM'!A844 -> Bonneville County | B11: ='Obs IPF'!B11-model!B11 -> 4.7947204 | C11: ='Obs IPF'!C11-model!C11 -> 0 | D11: ='Obs IPF'!D11-model!D11 -> -550.96411 | E11: ='Obs IPF'!E11-model!E11 -> 0 | F11: ='Obs IPF'!F11-model!F11 -> 0 | G11: ='Obs IPF'!G11-model!G11 -> 63.155014 | H11: ='Obs IPF'!H11-model!H11 -> 0 | I11: ='Obs IPF'!I11-model!I11 -> 0 | ... AT11: ='Obs IPF'!AT11-model!AT11 -> 0
A12: ='IPF ACS to ASIM'!A845 -> Boundary County | B12: ='Obs IPF'!B12-model!B12 -> 0 | C12: ='Obs IPF'!C12-model!C12 -> 0 | D12: ='Obs IPF'!D12-model!D12 -> 0 | E12: ='Obs IPF'!E12-model!E12 -> 0 | F12: ='Obs IPF'!F12-model!F12 -> -21 | G12: ='Obs IPF'!G12-model!G12 -> 0 | H12: ='Obs IPF'!H12-model!H12 -> 0 | I12: ='Obs IPF'!I12-model!I12 -> 0 | ... AT12: ='Obs IPF'!AT12-model!AT12 -> 0
A13: ='IPF ACS to ASIM'!A846 -> Butte County | B13: ='Obs IPF'!B13-model!B13 -> -4 | C13: ='Obs IPF'!C13-model!C13 -> 0 | D13: ='Obs IPF'!D13-model!D13 -> -74.676341 | E13: ='Obs IPF'!E13-model!E13 -> 0 | F13: ='Obs IPF'!F13-model!F13 -> 0 | G13: ='Obs IPF'!G13-model!G13 -> -20.289608 | H13: ='Obs IPF'!H13-model!H13 -> -11 | I13: ='Obs IPF'!I13-model!I13 -> 0 | ... AT13: ='Obs IPF'!AT13-model!AT13 -> 0
... A45: ='IPF ACS to ASIM'!A878 -> Washington County | B45: ='Obs IPF'!B45-model!B45 -> -52.717433 | C45: ='Obs IPF'!C45-model!C45 -> 89.161471 | D45: ='Obs IPF'!D45-model!D45 -> -1 | E45: ='Obs IPF'!E45-model!E45 -> 0 | F45: ='Obs IPF'!F45-model!F45 -> 0 | G45: ='Obs IPF'!G45-model!G45 -> 0 | H45: ='Obs IPF'!H45-model!H45 -> -3 | I45: ='Obs IPF'!I45-model!I45 -> -2 | ... AT45: ='Obs IPF'!AT45-model!AT45 -> 0
A46: Total | B46: ='Obs IPF'!B46-model!B46 -> 386.76906 | C46: ='Obs IPF'!C46-model!C46 -> 171.09435 | D46: ='Obs IPF'!D46-model!D46 -> -2887.3994 | E46: ='Obs IPF'!E46-model!E46 -> 226.07689 | F46: ='Obs IPF'!F46-model!F46 -> -89.139783 | G46: ='Obs IPF'!G46-model!G46 -> -1179.3801 | H46: ='Obs IPF'!H46-model!H46 -> 1934.6439 | I46: ='Obs IPF'!I46-model!I46 -> -2.5058406 | ... AS46: ='Obs IPF'!AS46-model!AS46 -> 100.48993
A48: Observed Totals | B48: ='Obs IPF'!B46 -> 319285.77 | C48: ='Obs IPF'!C46 -> 2384.0944 | D48: ='Obs IPF'!D46 -> 46491.601 | E48: ='Obs IPF'!E46 -> 2799.0769 | F48: ='Obs IPF'!F46 -> 3412.8602 | G48: ='Obs IPF'!G46 -> 13913.62 | H48: ='Obs IPF'!H46 -> 16801.644 | I48: ='Obs IPF'!I46 -> 2242.4942 | ... AT48: ='Obs IPF'!AT46 -> 972431
A50: Percent Diff | B50: Ada County | C50: Adams County | D50: Bannock County | E50: Bear Lake County | F50: Benewah County | G50: Bingham County | H50: Blaine County | I50: Boise County | J50: Bonner County | K50: Bonneville County | L50: Boundary County | M50: Butte County | N50: Camas County | O50: Canyon County | P50: Caribou County | Q50: Cassia County | R50: Clark County | S50: Clearwater County | T50: Custer County | U50: Elmore County | V50: Franklin County | W50: Fremont County | X50: Gem County | Y50: Gooding County | Z50: Idaho County | AA50: Jefferson County | AB50: Jerome County | AC50: Kootenai County | AD50: Latah County | AE50: Lemhi County | AF50: Lewis County | AG50: Lincoln County | AH50: Madison County | AI50: Minidoka County | AJ50: Nez Perce County | AK50: Oneida County | AL50: Owyhee County | AM50: Payette County | AN50: Power County | AO50: Shoshone County | AP50: Teton County | AQ50: Twin Falls County | AR50: Valley County | AS50: Washington County | AT50: Total
A51: Ada County | B51: =IF('Obs IPF'!B2>0,B2/'Obs IPF'!B2,"") -> -0.0065674573 | C51: =IF('Obs IPF'!C2>0,C2/'Obs IPF'!C2,"") -> 0.71122519 | D51: =IF('Obs IPF'!D2>0,D2/'Obs IPF'!D2,"") -> -2.1411783 | E51: =IF('Obs IPF'!E2>0,E2/'Obs IPF'!E2,"") | F51: =IF('Obs IPF'!F2>0,F2/'Obs IPF'!F2,"") | G51: =IF('Obs IPF'!G2>0,G2/'Obs IPF'!G2,"") | H51: =IF('Obs IPF'!H2>0,H2/'Obs IPF'!H2,"") -> -0.01374271 | I51: =IF('Obs IPF'!I2>0,I2/'Obs IPF'!I2,"") -> 0.93924089 | ... AT51: =IF('Obs IPF'!AT2>0,AT2/'Obs IPF'!AT2,"") -> 0
A52: Adams County | B52: =IF('Obs IPF'!B3>0,B3/'Obs IPF'!B3,"") -> -12.731233 | C52: =IF('Obs IPF'!C3>0,C3/'Obs IPF'!C3,"") -> -0.084868805 | D52: =IF('Obs IPF'!D3>0,D3/'Obs IPF'!D3,"") | E52: =IF('Obs IPF'!E3>0,E3/'Obs IPF'!E3,"") | F52: =IF('Obs IPF'!F3>0,F3/'Obs IPF'!F3,"") | G52: =IF('Obs IPF'!G3>0,G3/'Obs IPF'!G3,"") | H52: =IF('Obs IPF'!H3>0,H3/'Obs IPF'!H3,"") | I52: =IF('Obs IPF'!I3>0,I3/'Obs IPF'!I3,"") | ... AT52: =IF('Obs IPF'!AT3>0,AT3/'Obs IPF'!AT3,"") -> 0
A53: Bannock County | B53: =IF('Obs IPF'!B4>0,B4/'Obs IPF'!B4,"") -> 0.6633903 | C53: =IF('Obs IPF'!C4>0,C4/'Obs IPF'!C4,"") | D53: =IF('Obs IPF'!D4>0,D4/'Obs IPF'!D4,"") -> 0.13218497 | E53: =IF('Obs IPF'!E4>0,E4/'Obs IPF'!E4,"") | F53: =IF('Obs IPF'!F4>0,F4/'Obs IPF'!F4,"") | G53: =IF('Obs IPF'!G4>0,G4/'Obs IPF'!G4,"") -> 0.66978696 | H53: =IF('Obs IPF'!H4>0,H4/'Obs IPF'!H4,"") | I53: =IF('Obs IPF'!I4>0,I4/'Obs IPF'!I4,"") | ... AT53: =IF('Obs IPF'!AT4>0,AT4/'Obs IPF'!AT4,"") -> 0
A54: Bear Lake County | B54: =IF('Obs IPF'!B5>0,B5/'Obs IPF'!B5,"") -> 0.97051411 | C54: =IF('Obs IPF'!C5>0,C5/'Obs IPF'!C5,"") | D54: =IF('Obs IPF'!D5>0,D5/'Obs IPF'!D5,"") -> -0.291833 | E54: =IF('Obs IPF'!E5>0,E5/'Obs IPF'!E5,"") -> 0.029862417 | F54: =IF('Obs IPF'!F5>0,F5/'Obs IPF'!F5,"") | G54: =IF('Obs IPF'!G5>0,G5/'Obs IPF'!G5,"") -> -2.1820118 | H54: =IF('Obs IPF'!H5>0,H5/'Obs IPF'!H5,"") | I54: =IF('Obs IPF'!I5>0,I5/'Obs IPF'!I5,"") | ... AT54: =IF('Obs IPF'!AT5>0,AT5/'Obs IPF'!AT5,"") -> 0
A55: Benewah County | B55: =IF('Obs IPF'!B6>0,B6/'Obs IPF'!B6,"") | C55: =IF('Obs IPF'!C6>0,C6/'Obs IPF'!C6,"") | D55: =IF('Obs IPF'!D6>0,D6/'Obs IPF'!D6,"") | E55: =IF('Obs IPF'!E6>0,E6/'Obs IPF'!E6,"") | F55: =IF('Obs IPF'!F6>0,F6/'Obs IPF'!F6,"") -> -0.10157374 | G55: =IF('Obs IPF'!G6>0,G6/'Obs IPF'!G6,"") | H55: =IF('Obs IPF'!H6>0,H6/'Obs IPF'!H6,"") | I55: =IF('Obs IPF'!I6>0,I6/'Obs IPF'!I6,"") | ... AT55: =IF('Obs IPF'!AT6>0,AT6/'Obs IPF'!AT6,"") -> 0
A56: Bingham County | B56: =IF('Obs IPF'!B7>0,B7/'Obs IPF'!B7,"") | C56: =IF('Obs IPF'!C7>0,C7/'Obs IPF'!C7,"") | D56: =IF('Obs IPF'!D7>0,D7/'Obs IPF'!D7,"") -> -2.1119089 | E56: =IF('Obs IPF'!E7>0,E7/'Obs IPF'!E7,"") | F56: =IF('Obs IPF'!F7>0,F7/'Obs IPF'!F7,"") | G56: =IF('Obs IPF'!G7>0,G7/'Obs IPF'!G7,"") -> -0.38341402 | H56: =IF('Obs IPF'!H7>0,H7/'Obs IPF'!H7,"") | I56: =IF('Obs IPF'!I7>0,I7/'Obs IPF'!I7,"") | ... AT56: =IF('Obs IPF'!AT7>0,AT7/'Obs IPF'!AT7,"") -> 0
A57: Blaine County | B57: =IF('Obs IPF'!B8>0,B8/'Obs IPF'!B8,"") | C57: =IF('Obs IPF'!C8>0,C8/'Obs IPF'!C8,"") | D57: =IF('Obs IPF'!D8>0,D8/'Obs IPF'!D8,"") | E57: =IF('Obs IPF'!E8>0,E8/'Obs IPF'!E8,"") | F57: =IF('Obs IPF'!F8>0,F8/'Obs IPF'!F8,"") | G57: =IF('Obs IPF'!G8>0,G8/'Obs IPF'!G8,"") | H57: =IF('Obs IPF'!H8>0,H8/'Obs IPF'!H8,"") -> 0.037762028 | I57: =IF('Obs IPF'!I8>0,I8/'Obs IPF'!I8,"") | ... AT57: =IF('Obs IPF'!AT8>0,AT8/'Obs IPF'!AT8,"") -> 0
A58: Boise County | B58: =IF('Obs IPF'!B9>0,B9/'Obs IPF'!B9,"") -> 0.34961222 | C58: =IF('Obs IPF'!C9>0,C9/'Obs IPF'!C9,"") | D58: =IF('Obs IPF'!D9>0,D9/'Obs IPF'!D9,"") | E58: =IF('Obs IPF'!E9>0,E9/'Obs IPF'!E9,"") | F58: =IF('Obs IPF'!F9>0,F9/'Obs IPF'!F9,"") | G58: =IF('Obs IPF'!G9>0,G9/'Obs IPF'!G9,"") | H58: =IF('Obs IPF'!H9>0,H9/'Obs IPF'!H9,"") | I58: =IF('Obs IPF'!I9>0,I9/'Obs IPF'!I9,"") -> -0.28870051 | ... AT58: =IF('Obs IPF'!AT9>0,AT9/'Obs IPF'!AT9,"") -> 0
A59: Bonner County | B59: =IF('Obs IPF'!B10>0,B10/'Obs IPF'!B10,"") | C59: =IF('Obs IPF'!C10>0,C10/'Obs IPF'!C10,"") | D59: =IF('Obs IPF'!D10>0,D10/'Obs IPF'!D10,"") | E59: =IF('Obs IPF'!E10>0,E10/'Obs IPF'!E10,"") | F59: =IF('Obs IPF'!F10>0,F10/'Obs IPF'!F10,"") | G59: =IF('Obs IPF'!G10>0,G10/'Obs IPF'!G10,"") | H59: =IF('Obs IPF'!H10>0,H10/'Obs IPF'!H10,"") | I59: =IF('Obs IPF'!I10>0,I10/'Obs IPF'!I10,"") | ... AT59: =IF('Obs IPF'!AT10>0,AT10/'Obs IPF'!AT10,"") -> 0
A60: Bonneville County | B60: =IF('Obs IPF'!B11>0,B11/'Obs IPF'!B11,"") -> 0.70565382 | C60: =IF('Obs IPF'!C11>0,C11/'Obs IPF'!C11,"") | D60: =IF('Obs IPF'!D11>0,D11/'Obs IPF'!D11,"") -> -15.725704 | E60: =IF('Obs IPF'!E11>0,E11/'Obs IPF'!E11,"") | F60: =IF('Obs IPF'!F11>0,F11/'Obs IPF'!F11,"") | G60: =IF('Obs IPF'!G11>0,G11/'Obs IPF'!G11,"") -> 0.21917028 | H60: =IF('Obs IPF'!H11>0,H11/'Obs IPF'!H11,"") | I60: =IF('Obs IPF'!I11>0,I11/'Obs IPF'!I11,"") | ... AT60: =IF('Obs IPF'!AT11>0,AT11/'Obs IPF'!AT11,"") -> 0
A61: Boundary County | B61: =IF('Obs IPF'!B12>0,B12/'Obs IPF'!B12,"") | C61: =IF('Obs IPF'!C12>0,C12/'Obs IPF'!C12,"") | D61: =IF('Obs IPF'!D12>0,D12/'Obs IPF'!D12,"") | E61: =IF('Obs IPF'!E12>0,E12/'Obs IPF'!E12,"") | F61: =IF('Obs IPF'!F12>0,F12/'Obs IPF'!F12,"") | G61: =IF('Obs IPF'!G12>0,G12/'Obs IPF'!G12,"") | H61: =IF('Obs IPF'!H12>0,H12/'Obs IPF'!H12,"") | I61: =IF('Obs IPF'!I12>0,I12/'Obs IPF'!I12,"") | ... AT61: =IF('Obs IPF'!AT12>0,AT12/'Obs IPF'!AT12,"") -> 0
A62: Butte County | B62: =IF('Obs IPF'!B13>0,B13/'Obs IPF'!B13,"") | C62: =IF('Obs IPF'!C13>0,C13/'Obs IPF'!C13,"") | D62: =IF('Obs IPF'!D13>0,D13/'Obs IPF'!D13,"") -> -10.196588 | E62: =IF('Obs IPF'!E13>0,E13/'Obs IPF'!E13,"") | F62: =IF('Obs IPF'!F13>0,F13/'Obs IPF'!F13,"") | G62: =IF('Obs IPF'!G13>0,G13/'Obs IPF'!G13,"") -> -2.3293564 | H62: =IF('Obs IPF'!H13>0,H13/'Obs IPF'!H13,"") | I62: =IF('Obs IPF'!I13>0,I13/'Obs IPF'!I13,"") | ... AT62: =IF('Obs IPF'!AT13>0,AT13/'Obs IPF'!AT13,"") -> 0
... A95: Total | B95: =IF('Obs IPF'!B46>0,B46/'Obs IPF'!B46,"") -> 0.001211357 | C95: =IF('Obs IPF'!C46>0,C46/'Obs IPF'!C46,"") -> 0.071764925 | D95: =IF('Obs IPF'!D46>0,D46/'Obs IPF'!D46,"") -> -0.062105829 | E95: =IF('Obs IPF'!E46>0,E46/'Obs IPF'!E46,"") -> 0.080768374 | F95: =IF('Obs IPF'!F46>0,F46/'Obs IPF'!F46,"") -> -0.026118791 | G95: =IF('Obs IPF'!G46>0,G46/'Obs IPF'!G46,"") -> -0.08476443 | H95: =IF('Obs IPF'!H46>0,H46/'Obs IPF'!H46,"") -> 0.11514611 | I95: =IF('Obs IPF'!I46>0,I46/'Obs IPF'!I46,"") -> -0.0011174346 | ... AT95: =IF('Obs IPF'!AT46>0,AT46/'Obs IPF'!AT46,"") -> 0

Sheet Employment
B1: County | C1: old_emp | D1: new_emp | E1: emp_diff | F1: emp_pct_diff | H1: LODES Workers
A2: 0 | B2: Ada | C2: 190769 | D2: 272284 | E2: 81515 | F2: 0.42729689 | H2: 285553
A3: 1 | B3: Adams | C3: 853 | D3: 1150 | E3: 297 | F3: 0.34818288 | H3: 1097
A4: 3 | B4: Bannock | C4: 44347 | D4: 61593 | E4: 17246 | F4: 0.38888764 | H4: 34971
A5: 4 | B5: Bear Lake | C5: 1313 | D5: 1654 | E5: 341 | F5: 0.25971059 | H5: 1552
A6: 5 | B6: Benewah | C6: 3278 | D6: 3358 | E6: 80 | F6: 0.024405125 | H6: 3306
A7: 6 | B7: Bingham | C7: 13871 | D7: 16496 | E7: 2625 | F7: 0.18924375 | H7: 15532
A8: 7 | B8: Blaine | C8: 10917 | D8: 13712 | E8: 2795 | F8: 0.25602272 | H8: 13287
A9: 8 | B9: Boise | C9: 973 | D9: 1488 | E9: 515 | F9: 0.52929085 | H9: 1443
A10: 9 | B10: Bonner | C10: 12868 | D10: 16189 | E10: 3321 | F10: 0.25808206 | H10: 15993
A11: 10 | B11: Bonneville | C11: 61643 | D11: 123574 | E11: 61931 | F11: 1.0046721 | H11: 69191
A12: 11 | B12: Boundary | C12: 3072 | D12: 3878 | E12: 806 | F12: 0.26236979 | H12: 3771
A13: 12 | B13: Butte | C13: 2121 | D13: 696 | E13: -1425 | F13: -0.6718529 | H13: 644
... A45: 46 | B45: Washington | C45: 23197 | D45: 31987 | E45: 8790 | F45: 0.37892831 | H45: 3018
A46: 47

Sheet LODES
A2: LODES Data | B2: Ada County | C2: Adams County | D2: Bannock County | E2: Bear Lake County | F2: Benewah County | G2: Bingham County | H2: Blaine County | I2: Boise County | J2: Bonner County | K2: Bonneville County | L2: Boundary County | M2: Butte County | N2: Camas County | O2: Canyon County | P2: Caribou County | Q2: Cassia County | R2: Clark County | S2: Clearwater County | T2: Custer County | U2: Elmore County | V2: Franklin County | W2: Fremont County | X2: Gem County | Y2: Gooding County | Z2: Idaho County | AA2: Jefferson County | AB2: Jerome County | AC2: Kootenai County | AD2: Latah County | AE2: Lemhi County | AF2: Lewis County | AG2: Lincoln County | AH2: Madison County | AI2: Minidoka County | AJ2: Nez Perce County | AK2: Oneida County | AL2: Owyhee County | AM2: Payette County | AN2: Power County | AO2: Shoshone County | AP2: Teton County | AQ2: Twin Falls County | AR2: Valley County | AS2: Washington County | AT2: Grand Total | AU2: Model Total
A3: Ada County | B3: 185164 | C3: 79 | D3: 761 | E3: 6 | F3: 39 | G3: 158 | H3: 607 | I3: 249 | J3: 154 | K3: 1748 | L3: 40 | M3: 7 | N3: 5 | O3: 20601 | P3: 58 | Q3: 178 | S3: 34 | T3: 43 | U3: 807 | V3: 33 | W3: 85 | X3: 751 | Y3: 103 | Z3: 58 | AA3: 27 | AB3: 241 | AC3: 1314 | AD3: 379 | AE3: 48 | AF3: 6 | AG3: 25 | AH3: 131 | AI3: 251 | AJ3: 380 | AK3: 28 | AL3: 322 | AM3: 588 | AN3: 67 | AO3: 68 | AP3: 34 | AQ3: 1520 | AR3: 449 | AS3: 102 | AT3: 217748 | AU3: =model!AT2 -> 274359
A4: Adams County | B4: 195 | C4: 537 | D4: 5 | H4: 6 | I4: 3 | K4: 10 | O4: 71 | P4: 2 | Q4: 6 | T4: 3 | U4: 2 | W4: 1 | X4: 7 | Y4: 2 | Z4: 36 | AA4: 1 | AB4: 5 | AC4: 8 | AD4: 2 | AE4: 3 | AG4: 5 | AI4: 1 | AJ4: 6 | AL4: 3 | AM4: 17 | AQ4: 27 | AR4: 214 | AS4: 56 | AT4: 1234 | AU4: =model!AT3 -> 2471
A5: Bannock County | B5: 1236 | D5: 24357 | E5: 43 | F5: 1 | G5: 1941 | H5: 94 | J5: 21 | K5: 3332 | M5: 24 | O5: 211 | P5: 236 | Q5: 153 | R5: 4 | S5: 6 | T5: 15 | U5: 27 | V5: 118 | W5: 33 | X5: 12 | Y5: 25 | Z5: 2 | AA5: 165 | AB5: 53 | AC5: 145 | AD5: 42 | AE5: 15 | AF5: 9 | AG5: 24 | AH5: 464 | AI5: 133 | AJ5: 66 | AK5: 93 | AL5: 12 | AM5: 19 | AN5: 886 | AO5: 6 | AP5: 76 | AQ5: 468 | AR5: 14 | AS5: 5 | AT5: 34586 | AU5: =model!AT4 -> 49878
A6: Bear Lake County | B6: 92 | D6: 78 | E6: 1034 | G6: 25 | H6: 8 | J6: 1 | K6: 69 | O6: 15 | P6: 284 | Q6: 17 | S6: 2 | T6: 1 | U6: 3 | V6: 22 | W6: 2 | X6: 1 | Y6: 2 | AA6: 11 | AB6: 4 | AC6: 8 | AD6: 1 | AE6: 2 | AG6: 1 | AH6: 15 | AI6: 13 | AJ6: 5 | AK6: 6 | AL6: 1 | AN6: 9 | AP6: 11 | AQ6: 31 | AT6: 1774 | AU6: =model!AT5 -> 3331
A7: Benewah County | B7: 77 | C7: 1 | D7: 11 | F7: 2022 | G7: 3 | H7: 1 | I7: 1 | J7: 56 | K7: 8 | L7: 9 | O7: 16 | Q7: 1 | S7: 14 | V7: 1 | W7: 3 | AC7: 514 | AD7: 111 | AF7: 1 | AH7: 5 | AI7: 1 | AJ7: 38 | AK7: 1 | AM7: 2 | AO7: 49 | AQ7: 5 | AR7: 2 | AT7: 2953 | AU7: =model!AT6 -> 4939
A8: Bingham County | B8: 722 | D8: 1984 | E8: 26 | F8: 2 | G8: 8391 | H8: 96 | J8: 16 | K8: 5409 | L8: 1 | M8: 10 | O8: 109 | P8: 42 | Q8: 105 | R8: 2 | S8: 1 | T8: 7 | U8: 16 | V8: 37 | W8: 13 | X8: 5 | Y8: 16 | Z8: 2 | AA8: 287 | AB8: 38 | AC8: 57 | AD8: 12 | AE8: 6 | AF8: 1 | AG8: 10 | AH8: 342 | AI8: 110 | AJ8: 27 | AK8: 15 | AL8: 13 | AM8: 8 | AN8: 298 | AO8: 10 | AP8: 43 | AQ8: 222 | AR8: 7 | AS8: 2 | AT8: 18520 | AU8: =model!AT7 -> 25685
A9: Blaine County | B9: 647 | C9: 1 | D9: 102 | E9: 1 | G9: 31 | H9: 6467 | I9: 4 | J9: 4 | K9: 107 | M9: 7 | N9: 20 | O9: 153 | P9: 5 | Q9: 54 | S9: 1 | T9: 27 | U9: 28 | V9: 4 | W9: 6 | X9: 7 | Y9: 45 | AA9: 8 | AB9: 50 | AC9: 35 | AD9: 11 | AE9: 2 | AG9: 51 | AH9: 36 | AI9: 31 | AJ9: 16 | AK9: 7 | AL9: 13 | AM9: 14 | AN9: 8 | AO9: 4 | AP9: 4 | AQ9: 271 | AR9: 8 | AS9: 5 | AT9: 8295 | AU9: =model!AT8 -> 13880
A10: Boise County | B10: 1478 | C10: 6 | D10: 17 | G10: 4 | H10: 21 | I10: 680 | J10: 2 | K10: 29 | O10: 236 | Q10: 7 | S10: 1 | T10: 6 | U10: 23 | V10: 2 | X10: 41 | Y10: 16 | Z10: 7 | AA10: 1 | AB10: 13 | AC10: 17 | AE10: 4 | AG10: 1 | AH10: 3 | AJ10: 5 | AL10: 1 | AM10: 15 | AO10: 1 | AP10: 2 | AQ10: 58 | AR10: 33 | AS10: 3 | AT10: 2733 | AU10: =model!AT9 -> 4431
A11: Bonner County | B11: 419 | D11: 38 | F11: 100 | G11: 6 | H11: 22 | J11: 9947 | K11: 80 | L11: 294 | O11: 87 | P11: 2 | Q11: 2 | S11: 56 | T11: 1 | U11: 6 | W11: 5 | X11: 4 | Y11: 1 | Z11: 9 | AA11: 3 | AB11: 2 | AC11: 2594 | AD11: 147 | AE11: 2 | AF11: 11 | AH11: 13 | AI11: 5 | AJ11: 135 | AK11: 4 | AM11: 4 | AO11: 164 | AP11: 2 | AQ11: 33 | AR11: 11 | AS11: 4 | AT11: 14213 | AU11: =model!AT10 -> 24539
A12: Bonneville County | B12: 1812 | C12: 3 | D12: 2145 | E12: 27 | F12: 1 | G12: 1847 | H12: 150 | I12: 2 | J12: 8 | K12: 37738 | L12: 3 | M12: 20 | N12: 5 | O12: 226 | P12: 85 | Q12: 221 | R12: 9 | S12: 3 | T12: 28 | U12: 29 | V12: 76 | W12: 287 | X12: 10 | Y12: 74 | Z12: 2 | AA12: 1918 | AB12: 132 | AC12: 183 | AD12: 70 | AE12: 42 | AF12: 2 | AG12: 15 | AH12: 2083 | AI12: 169 | AJ12: 72 | AK12: 19 | AL12: 12 | AM12: 24 | AN12: 75 | AO12: 12 | AP12: 204 | AQ12: 678 | AR12: 17 | AS12: 4 | AT12: 50542 | AU12: =model!AT11 -> 37185
A13: Boundary County | B13: 110 | C13: 1 | D13: 12 | F13: 12 | G13: 1 | H13: 5 | J13: 584 | K13: 26 | L13: 2550 | O13: 15 | Q13: 2 | S13: 5 | T13: 2 | U13: 5 | Z13: 2 | AA13: 1 | AB13: 2 | AC13: 332 | AD13: 37 | AE13: 1 | AF13: 3 | AH13: 4 | AI13: 3 | AJ13: 40 | AK13: 1 | AO13: 16 | AQ13: 7 | AR13: 4 | AS13: 3 | AT13: 3786 | AU13: =model!AT12 -> 6355
A14: Butte County | B14: 40 | D14: 40 | E14: 1 | F14: 1 | G14: 32 | H14: 20 | K14: 211 | M14: 361 | O14: 4 | Q14: 6 | R14: 4 | T14: 48 | U14: 1 | V14: 3 | W14: 3 | Y14: 2 | AA14: 6 | AB14: 5 | AC14: 4 | AD14: 1 | AG14: 16 | AH14: 15 | AI14: 2 | AJ14: 2 | AL14: 1 | AM14: 2 | AN14: 4 | AO14: 1 | AP14: 2 | AQ14: 20 | AR14: 3 | AS14: 1 | AT14: 862 | AU14: =model!AT13 -> 1448
A15: Camas County | B15: 25 | D15: 5 | G15: 2 | H15: 79 | K15: 6 | N15: 118 | O15: 6 | Q15: 6 | U15: 3 | V15: 1 | Y15: 7 | AB15: 4 | AC15: 3 | AG15: 2 | AH15: 1 | AI15: 5 | AL15: 1 | AM15: 1 | AN15: 2 | AQ15: 16 | AS15: 1 | AT15: 294 | AU15: =model!AT14 -> 737
A16: Canyon County | B16: 46667 | C16: 39 | D16: 321 | E16: 4 | F16: 17 | G16: 81 | H16: 271 | I16: 71 | J16: 58 | K16: 810 | L16: 25 | M16: 3 | N16: 2 | O16: 42229 | P16: 29 | Q16: 88 | S16: 10 | T16: 18 | U16: 300 | V16: 17 | W16: 18 | X16: 524 | Y16: 42 | Z16: 23 | AA16: 12 | AB16: 119 | AC16: 664 | AD16: 183 | AE16: 22 | AF16: 3 | AG16: 7 | AH16: 65 | AI16: 110 | AJ16: 178 | AK16: 10 | AL16: 854 | AM16: 1002 | AN16: 25 | AO16: 39 | AP16: 19 | AQ16: 699 | AR16: 241 | AS16: 104 | AT16: 96023 | AU16: =model!AT15 -> 122770
A17: Caribou County | B17: 96 | D17: 259 | E17: 28 | G17: 47 | H17: 8 | K17: 86 | O17: 15 | P17: 1692 | Q17: 17 | T17: 1 | U17: 3 | V17: 62 | W17: 1 | X17: 2 | Y17: 4 | AA17: 20 | AB17: 5 | AC17: 19 | AD17: 2 | AG17: 2 | AH17: 33 | AI17: 2 | AJ17: 4 | AK17: 4 | AL17: 1 | AM17: 1 | AN17: 23 | AP17: 13 | AQ17: 32 | AR17: 3 | AT17: 2485 | AU17: =model!AT16 -> 3888
A18: Cassia County | B18: 643 | C18: 1 | D18: 199 | E18: 1 | G18: 28 | H18: 50 | I18: 1 | J18: 7 | K18: 116 | M18: 2 | O18: 164 | P18: 7 | Q18: 5439 | T18: 10 | U18: 35 | V18: 7 | W18: 2 | X18: 10 | Y18: 43 | Z18: 3 | AA18: 13 | AB18: 246 | AC18: 27 | AD18: 6 | AE18: 4 | AF18: 2 | AG18: 27 | AH18: 28 | AI18: 1747 | AJ18: 13 | AK18: 2 | AL18: 5 | AM18: 13 | AN18: 56 | AO18: 1 | AP18: 5 | AQ18: 982 | AR18: 5 | AS18: 7 | AT18: 9957 | AU18: =model!AT17 -> 13044
A19: Clark County | B19: 8 | D19: 11 | G19: 7 | H19: 4 | K19: 46 | R19: 123 | T19: 3 | U19: 1 | W19: 4 | AA19: 60 | AB19: 2 | AD19: 1 | AE19: 1 | AG19: 1 | AH19: 17 | AI19: 3 | AJ19: 1 | AM19: 1 | AP19: 3 | AQ19: 6 | AT19: 303 | AU19: =model!AT18 -> 504
A20: Clearwater County | B20: 120 | C20: 1 | D20: 7 | F20: 12 | G20: 1 | H20: 1 | J20: 13 | K20: 12 | L20: 8 | O20: 19 | Q20: 1 | S20: 1506 | W20: 1 | X20: 5 | Y20: 1 | Z20: 72 | AC20: 118 | AD20: 57 | AE20: 1 | AF20: 66 | AH20: 1 | AJ20: 307 | AM20: 6 | AN20: 1 | AO20: 10 | AQ20: 5 | AR20: 5 | AS20: 4 | AT20: 2361 | AU20: =model!AT19 -> 3697
A21: Custer County | B21: 78 | D21: 38 | E21: 1 | G21: 7 | H21: 22 | K21: 117 | M21: 28 | O21: 5 | P21: 3 | Q21: 6 | T21: 754 | U21: 4 | V21: 5 | W21: 1 | Y21: 5 | AA21: 7 | AB21: 12 | AC21: 9 | AD21: 1 | AE21: 47 | AG21: 3 | AH21: 13 | AI21: 3 | AJ21: 4 | AM21: 2 | AN21: 1 | AP21: 1 | AQ21: 16 | AR21: 1 | AT21: 1194 | AU21: =model!AT20 -> 2501
A22: Elmore County | B22: 3020 | C22: 2 | D22: 47 | F22: 2 | G22: 7 | H22: 84 | I22: 10 | J22: 6 | K22: 64 | L22: 1 | M22: 1 | N22: 5 | O22: 740 | P22: 4 | Q22: 20 | S22: 2 | T22: 12 | U22: 4033 | W22: 1 | X22: 41 | Y22: 90 | Z22: 11 | AA22: 4 | AB22: 114 | AC22: 40 | AD22: 6 | AE22: 5 | AF22: 1 | AG22: 14 | AH22: 8 | AI22: 14 | AJ22: 14 | AL22: 152 | AM22: 36 | AN22: 4 | AO22: 2 | AP22: 1 | AQ22: 429 | AR22: 24 | AS22: 11 | AT22: 9082 | AU22: =model!AT21 -> 16200
A23: Franklin County | B23: 207 | D23: 190 | E23: 21 | G23: 48 | H23: 13 | K23: 85 | L23: 1 | O23: 29 | P23: 97 | Q23: 19 | U23: 2 | V23: 2625 | W23: 4 | X23: 2 | Y23: 8 | AA23: 16 | AB23: 14 | AC23: 26 | AD23: 6 | AE23: 2 | AF23: 1 | AG23: 3 | AH23: 39 | AI23: 12 | AJ23: 11 | AK23: 33 | AL23: 2 | AM23: 1 | AN23: 25 | AO23: 3 | AP23: 6 | AQ23: 80 | AR23: 3 | AS23: 1 | AT23: 3635 | AU23: =model!AT22 -> 5944
A24: Fremont County | B24: 175 | D24: 164 | E24: 2 | G24: 115 | H24: 19 | I24: 1 | J24: 2 | K24: 654 | L24: 1 | M24: 1 | O24: 20 | P24: 19 | Q24: 27 | R24: 2 | T24: 1 | U24: 3 | V24: 12 | W24: 1635 | Y24: 3 | AA24: 184 | AB24: 21 | AC24: 15 | AD24: 11 | AE24: 3 | AG24: 4 | AH24: 1449 | AI24: 16 | AJ24: 6 | AK24: 1 | AM24: 3 | AN24: 7 | AO24: 1 | AP24: 107 | AQ24: 47 | AT24: 4731 | AU24: =model!AT23 -> 6950
A25: Gem County | B25: 3204 | C25: 9 | D25: 41 | E25: 1 | G25: 11 | H25: 15 | I25: 49 | J25: 6 | K25: 42 | L25: 1 | M25: 2 | O25: 1136 | P25: 4 | Q25: 13 | S25: 2 | T25: 5 | U25: 31 | V25: 1 | W25: 1 | X25: 2006 | Y25: 10 | Z25: 3 | AA25: 2 | AB25: 23 | AC25: 23 | AD25: 10 | AE25: 3 | AH25: 9 | AI25: 10 | AJ25: 16 | AL25: 18 | AM25: 177 | AN25: 3 | AO25: 1 | AQ25: 121 | AR25: 77 | AS25: 30 | AT25: 7116 | AU25: =model!AT24 -> 10879
A26: Gooding County | B26: 375 | D26: 73 | G26: 16 | H26: 182 | I26: 2 | J26: 7 | K26: 69 | M26: 3 | N26: 27 | O26: 91 | P26: 1 | Q26: 117 | S26: 1 | T26: 12 | U26: 54 | V26: 7 | W26: 5 | X26: 7 | Y26: 2849 | Z26: 1 | AA26: 4 | AB26: 879 | AC26: 23 | AD26: 10 | AE26: 3 | AF26: 2 | AG26: 186 | AH26: 16 | AI26: 69 | AJ26: 7 | AK26: 4 | AL26: 10 | AM26: 8 | AN26: 5 | AO26: 1 | AP26: 3 | AQ26: 1076 | AR26: 4 | AS26: 3 | AT26: 6212 | AU26: =model!AT25 -> 9619
A27: Idaho County | B27: 210 | C27: 51 | D27: 9 | E27: 1 | F27: 15 | G27: 1 | H27: 5 | I27: 1 | J27: 24 | K27: 15 | L27: 8 | O27: 35 | Q27: 3 | S27: 133 | U27: 2 | V27: 1 | X27: 3 | Y27: 1 | Z27: 3082 | AC27: 144 | AD27: 95 | AE27: 2 | AF27: 466 | AH27: 6 | AI27: 1 | AJ27: 401 | AL27: 1 | AM27: 5 | AO27: 4 | AP27: 3 | AQ27: 10 | AR27: 45 | AS27: 2 | AT27: 4785 | AU27: =model!AT26 -> 7807
A28: Jefferson County | B28: 472 | C28: 1 | D28: 410 | E28: 9 | G28: 291 | H28: 46 | J28: 6 | K28: 5258 | M28: 16 | O28: 62 | P28: 19 | Q28: 47 | R28: 36 | T28: 13 | U28: 10 | V28: 22 | W28: 166 | X28: 2 | Y28: 22 | Z28: 1 | AA28: 3057 | AB28: 47 | AC28: 47 | AD28: 18 | AE28: 15 | AG28: 8 | AH28: 1456 | AI28: 29 | AJ28: 17 | AK28: 10 | AL28: 2 | AM28: 7 | AN28: 23 | AO28: 4 | AP28: 85 | AQ28: 116 | AR28: 2 | AT28: 11852 | AU28: =model!AT27 -> 16006
A29: Jerome County | B29: 652 | D29: 167 | E29: 4 | G29: 41 | H29: 238 | I29: 2 | J29: 4 | K29: 107 | M29: 1 | N29: 19 | O29: 151 | P29: 4 | Q29: 274 | S29: 1 | T29: 11 | U29: 59 | V29: 11 | W29: 3 | X29: 8 | Y29: 724 | Z29: 2 | AA29: 14 | AB29: 3982 | AC29: 47 | AD29: 6 | AE29: 1 | AF29: 2 | AG29: 216 | AH29: 29 | AI29: 176 | AJ29: 17 | AK29: 1 | AL29: 14 | AM29: 18 | AN29: 72 | AO29: 2 | AP29: 8 | AQ29: 2922 | AR29: 10 | AS29: 7 | AT29: 10027 | AU29: =model!AT28 -> 13800
A30: Kootenai County | B30: 1543 | C30: 9 | D30: 169 | F30: 541 | G30: 22 | H30: 82 | I30: 1 | J30: 1570 | K30: 326 | L30: 191 | O30: 269 | P30: 20 | Q30: 26 | S30: 75 | T30: 12 | U30: 22 | V30: 3 | W30: 14 | X30: 16 | Y30: 4 | Z30: 29 | AA30: 6 | AB30: 7 | AC30: 47325 | AD30: 631 | AE30: 9 | AF30: 11 | AG30: 1 | AH30: 65 | AI30: 29 | AJ30: 520 | AK30: 3 | AM30: 11 | AO30: 783 | AP30: 10 | AQ30: 150 | AR30: 38 | AS30: 15 | AT30: 54558 | AU30: =model!AT29 -> 98217
A31: Latah County | B31: 509 | C31: 11 | D31: 40 | E31: 1 | F31: 76 | G31: 2 | H31: 16 | I31: 2 | J31: 75 | K31: 48 | L31: 12 | O31: 83 | Q31: 2 | R31: 1 | S31: 88 | T31: 3 | U31: 7 | V31: 2 | X31: 5 | Y31: 12 | Z31: 66 | AA31: 2 | AB31: 4 | AC31: 566 | AD31: 8146 | AE31: 4 | AF31: 41 | AH31: 10 | AI31: 1 | AJ31: 1053 | AL31: 3 | AM31: 13 | AN31: 4 | AO31: 44 | AP31: 5 | AQ31: 21 | AR31: 30 | AS31: 7 | AT31: 11015 | AU31: =model!AT30 -> 19565
A32: Lemhi County | B32: 127 | C32: 1 | D32: 33 | G32: 15 | H32: 23 | I32: 1 | K32: 140 | M32: 3 | O32: 12 | P32: 2 | Q32: 10 | T32: 90 | U32: 4 | W32: 1 | Y32: 9 | AA32: 12 | AB32: 9 | AC32: 13 | AD32: 3 | AE32: 1768 | AG32: 8 | AH32: 34 | AI32: 11 | AJ32: 10 | AL32: 1 | AM32: 2 | AN32: 8 | AO32: 2 | AP32: 7 | AQ32: 40 | AR32: 1 | AT32: 2400 | AU32: =model!AT31 -> 4529
A33: Lewis County | B33: 43 | C33: 5 | D33: 7 | F33: 8 | G33: 1 | J33: 6 | K33: 1 | L33: 2 | O33: 10 | S33: 54 | U33: 2 | X33: 1 | Z33: 189 | AC33: 47 | AD33: 17 | AF33: 435 | AH33: 2 | AJ33: 216 | AM33: 2 | AO33: 3 | AQ33: 2 | AR33: 4 | AS33: 3 | AT33: 1060 | AU33: =model!AT32 -> 1593
A34: Lincoln County | B34: 148 | D34: 24 | G34: 8 | H34: 552 | J34: 1 | K34: 28 | N34: 1 | O34: 37 | P34: 2 | Q34: 31 | T34: 3 | U34: 11 | V34: 3 | X34: 4 | Y34: 149 | Z34: 1 | AA34: 1 | AB34: 142 | AC34: 8 | AD34: 5 | AG34: 708 | AH34: 2 | AI34: 27 | AJ34: 1 | AL34: 3 | AM34: 3 | AN34: 12 | AO34: 1 | AQ34: 289 | AR34: 2 | AS34: 2 | AT34: 2209 | AU34: =model!AT33 -> 3333
A35: Madison County | B35: 731 | C35: 2 | D35: 463 | E35: 8 | G35: 263 | H35: 57 | I35: 5 | J35: 5 | K35: 2664 | M35: 4 | N35: 2 | O35: 76 | P35: 22 | Q35: 86 | R35: 8 | S35: 3 | T35: 7 | U35: 14 | V35: 9 | W35: 462 | X35: 4 | Y35: 17 | Z35: 3 | AA35: 836 | AB35: 34 | AC35: 73 | AD35: 48 | AE35: 13 | AG35: 11 | AH35: 8329 | AI35: 39 | AJ35: 30 | AK35: 5 | AL35: 6 | AM35: 14 | AN35: 24 | AO35: 14 | AP35: 176 | AQ35: 176 | AR35: 8 | AS35: 2 | AT35: 14753 | AU35: =model!AT34 -> 25454
A36: Minidoka County | B36: 555 | C36: 1 | D36: 171 | E36: 2 | G36: 42 | H36: 69 | I36: 3 | K36: 108 | M36: 5 | N36: 2 | O36: 137 | P36: 6 | Q36: 2810 | S36: 1 | T36: 4 | U36: 41 | V36: 8 | W36: 5 | X36: 8 | Y36: 46 | Z36: 2 | AA36: 9 | AB36: 249 | AC36: 34 | AD36: 11 | AE36: 3 | AG36: 51 | AH36: 22 | AI36: 3833 | AJ36: 6 | AK36: 3 | AL36: 4 | AM36: 8 | AN36: 54 | AO36: 1 | AP36: 2 | AQ36: 880 | AR36: 2 | AS36: 6 | AT36: 9204 | AU36: =model!AT35 -> 12796
A37: Nez Perce County | B37: 489 | C37: 3 | D37: 39 | F37: 28 | H37: 15 | I37: 2 | J37: 67 | K37: 53 | L37: 18 | O37: 87 | P37: 1 | Q37: 4 | S37: 197 | T37: 1 | U37: 1 | V37: 5 | W37: 4 | X37: 2 | Y37: 10 | Z37: 188 | AA37: 1 | AB37: 4 | AC37: 590 | AD37: 764 | AE37: 5 | AF37: 113 | AH37: 7 | AI37: 2 | AJ37: 11890 | AL37: 4 | AM37: 14 | AN37: 7 | AO37: 13 | AP37: 1 | AQ37: 36 | AR37: 37 | AS37: 2 | AT37: 14704 | AU37: =model!AT36 -> 18581
A38: Oneida County | B38: 66 | D38: 99 | E38: 2 | G38: 15 | H38: 3 | J38: 1 | K38: 44 | M38: 10 | O38: 12 | P38: 12 | Q38: 17 | R38: 4 | V38: 17 | X38: 2 | Y38: 3 | AA38: 5 | AB38: 3 | AC38: 8 | AD38: 3 | AE38: 2 | AG38: 3 | AH38: 16 | AI38: 3 | AJ38: 3 | AK38: 878 | AM38: 2 | AN38: 4 | AQ38: 19 | AR38: 2 | AT38: 1258 | AU38: =model!AT37 -> 2614
A39: Owyhee County | B39: 1114 | C39: 1 | D39: 21 | E39: 1 | G39: 6 | H39: 24 | I39: 7 | J39: 2 | K39: 25 | L39: 2 | N39: 1 | O39: 1409 | P39: 1 | Q39: 12 | T39: 1 | U39: 97 | X39: 23 | Y39: 9 | Z39: 7 | AA39: 1 | AB39: 27 | AC39: 20 | AE39: 2 | AG39: 7 | AH39: 8 | AI39: 6 | AJ39: 8 | AL39: 1031 | AM39: 45 | AN39: 2 | AO39: 1 | AP39: 1 | AQ39: 81 | AR39: 11 | AS39: 17 | AT39: 4031 | AU39: =model!AT38 -> 6760
A40: Payette County | B40: 1777 | C40: 23 | D40: 45 | E40: 1 | G40: 9 | H40: 19 | I40: 6 | J40: 5 | K40: 47 | M40: 2 | N40: 1 | O40: 1237 | P40: 3 | Q40: 23 | S40: 1 | T40: 4 | U40: 42 | V40: 3 | X40: 172 | Y40: 21 | Z40: 16 | AA40: 5 | AB40: 30 | AC40: 36 | AD40: 11 | AE40: 1 | AG40: 4 | AH40: 12 | AI40: 18 | AJ40: 20 | AL40: 40 | AM40: 3057 | AN40: 2 | AO40: 1 | AP40: 1 | AQ40: 147 | AR40: 59 | AS40: 308 | AT40: 7209 | AU40: =model!AT39 -> 13035
A41: Power County | B41: 148 | D41: 576 | E41: 4 | G41: 192 | H41: 12 | J41: 1 | K41: 152 | M41: 2 | O41: 18 | P41: 6 | Q41: 44 | S41: 1 | T41: 1 | U41: 3 | V41: 6 | W41: 1 | Y41: 8 | AA41: 8 | AB41: 7 | AC41: 8 | AD41: 2 | AE41: 3 | AH41: 40 | AI41: 25 | AJ41: 5 | AK41: 6 | AL41: 1 | AM41: 3 | AN41: 1536 | AP41: 1 | AQ41: 37 | AR41: 4 | AT41: 2861 | AU41: =model!AT40 -> 4135
A42: Shoshone County | B42: 124 | D42: 16 | F42: 55 | H42: 5 | J42: 70 | K42: 25 | L42: 9 | O42: 18 | S42: 18 | T42: 1 | U42: 3 | V42: 1 | W42: 1 | Y42: 2 | Z42: 11 | AB42: 1 | AC42: 803 | AD42: 59 | AE42: 1 | AF42: 1 | AH42: 9 | AI42: 5 | AJ42: 37 | AO42: 2730 | AP42: 1 | AQ42: 14 | AR42: 1 | AT42: 4021 | AU42: =model!AT41 -> 7135
A43: Teton County | B43: 173 | C43: 1 | D43: 95 | E43: 6 | G43: 54 | H43: 23 | I43: 1 | K43: 219 | M43: 1 | N43: 1 | O43: 22 | P43: 20 | Q43: 24 | T43: 5 | U43: 6 | V43: 8 | W43: 27 | Y43: 14 | AA43: 39 | AB43: 16 | AC43: 18 | AD43: 5 | AE43: 5 | AG43: 3 | AH43: 119 | AI43: 10 | AJ43: 8 | AL43: 2 | AM43: 2 | AN43: 10 | AP43: 2000 | AQ43: 40 | AR43: 3 | AT43: 2980 | AU43: =model!AT42 -> 7233
A44: Twin Falls County | B44: 2440 | C44: 2 | D44: 577 | E44: 8 | F44: 3 | G44: 101 | H44: 512 | I44: 2 | J44: 27 | K44: 434 | L44: 2 | M44: 5 | N44: 14 | O44: 542 | P44: 13 | Q44: 1010 | R44: 1 | S44: 4 | T44: 26 | U44: 176 | V44: 27 | W44: 13 | X44: 30 | Y44: 943 | Z44: 9 | AA44: 29 | AB44: 2780 | AC44: 165 | AD44: 34 | AE44: 13 | AF44: 10 | AG44: 228 | AH44: 87 | AI44: 584 | AJ44: 56 | AK44: 12 | AL44: 39 | AM44: 58 | AN44: 130 | AO44: 9 | AP44: 17 | AQ44: 25017 | AR44: 26 | AS44: 24 | AT44: 36239 | AU44: =model!AT43 -> 52633
A45: Valley County | B45: 740 | C45: 174 | D45: 24 | G45: 9 | H45: 25 | I45: 13 | J45: 3 | K45: 30 | M45: 2 | N45: 3 | O45: 172 | Q45: 14 | T45: 2 | U45: 16 | W45: 4 | X45: 24 | Y45: 12 | Z45: 26 | AB45: 8 | AC45: 21 | AD45: 9 | AE45: 4 | AG45: 2 | AH45: 4 | AI45: 6 | AJ45: 12 | AL45: 6 | AM45: 34 | AN45: 2 | AO45: 1 | AQ45: 50 | AR45: 2223 | AS45: 19 | AT45: 3694 | AU45: =model!AT44 -> 6494
A46: Washington County | B46: 543 | C46: 46 | D46: 23 | G46: 5 | H46: 24 | I46: 1 | J46: 3 | K46: 23 | L46: 1 | M46: 2 | O46: 274 | P46: 3 | Q46: 5 | T46: 1 | U46: 15 | W46: 2 | X46: 41 | Y46: 11 | Z46: 10 | AA46: 2 | AB46: 23 | AC46: 21 | AD46: 2 | AE46: 6 | AF46: 4 | AG46: 1 | AH46: 3 | AI46: 5 | AJ46: 9 | AL46: 10 | AM46: 322 | AN46: 1 | AO46: 1 | AP46: 1 | AQ46: 64 | AR46: 43 | AS46: 1669 | AT46: 3220 | AU46: =model!AT45 -> 5477
A47: Grand Total | B47: 259214 | C47: 1011 | D47: 33913 | E47: 1243 | F47: 2935 | G47: 13886 | H47: 9995 | I47: 1120 | J47: 12762 | K47: 60621 | L47: 3179 | M47: 522 | N47: 226 | O47: 70861 | P47: 2704 | Q47: 10947 | R47: 194 | S47: 2220 | T47: 1182 | U47: 5947 | V47: 3159 | W47: 2814 | X47: 3780 | Y47: 5365 | Z47: 3873 | AA47: 6777 | AB47: 9357 | AC47: 56172 | AD47: 10975 | AE47: 2073 | AF47: 1191 | AG47: 1648 | AH47: 15050 | AI47: 7520 | AJ47: 15672 | AK47: 1146 | AL47: 2588 | AM47: 5564 | AN47: 3390 | AO47: 4003 | AP47: 2855 | AQ47: 36960 | AR47: 3676 | AS47: 2429 | AT47: =SUM(B47:AS47) -> 702719
A48: Model Total | B48: =model!B46 -> 318899 | C48: =model!C46 -> 2213 | D48: =model!D46 -> 49379 | E48: =model!E46 -> 2573 | F48: =model!F46 -> 3502 | G48: =model!G46 -> 15093 | H48: =model!H46 -> 14867 | I48: =model!I46 -> 2245 | ... AS48: =model!AS46 -> 3832 | AU48: =SUM(AU3:AU46) -> 972431
A51: LODES - Model | B51: Ada County | C51: Adams County | D51: Bannock County | E51: Bear Lake County | F51: Benewah County | G51: Bingham County | H51: Blaine County | I51: Boise County | J51: Bonner County | K51: Bonneville County | L51: Boundary County | M51: Butte County | N51: Camas County | O51: Canyon County | P51: Caribou County | Q51: Cassia County | R51: Clark County | S51: Clearwater County | T51: Custer County | U51: Elmore County | V51: Franklin County | W51: Fremont County | X51: Gem County | Y51: Gooding County | Z51: Idaho County | AA51: Jefferson County | AB51: Jerome County | AC51: Kootenai County | AD51: Latah County | AE51: Lemhi County | AF51: Lewis County | AG51: Lincoln County | AH51: Madison County | AI51: Minidoka County | AJ51: Nez Perce County | AK51: Oneida County | AL51: Owyhee County | AM51: Payette County | AN51: Power County | AO51: Shoshone County | AP51: Teton County | AQ51: Twin Falls County | AR51: Valley County | AS51: Washington County
A52: Ada County | B52: =B3-model!B2 -> -75086 | C52: =C3-model!C2 -> 78 | D52: =D3-model!D2 -> 694 | E52: =E3-model!E2 -> 6 | F52: =F3-model!F2 -> 39 | G52: =G3-model!G2 -> 150 | H52: =H3-model!H2 -> 553 | I52: =I3-model!I2 -> 222 | ... AS52: =AS3-model!AS2 -> 53
A53: Adams County | B53: =B4-model!B3 -> 69 | C53: =C4-model!C3 -> -1641 | D53: =D4-model!D3 -> 5 | E53: =E4-model!E3 -> 0 | F53: =F4-model!F3 -> 0 | G53: =G4-model!G3 -> 0 | H53: =H4-model!H3 -> 6 | I53: =I4-model!I3 -> 3 | ... AS53: =AS4-model!AS3 -> 36
A54: Bannock County | B54: =B5-model!B4 -> 1227 | C54: =C5-model!C4 -> 0 | D54: =D5-model!D4 -> -11267 | E54: =E5-model!E4 -> 42 | F54: =F5-model!F4 -> 1 | G54: =G5-model!G4 -> 1158 | H54: =H5-model!H4 -> 85 | I54: =I5-model!I4 -> 0 | ... AS54: =AS5-model!AS4 -> 5
A55: Bear Lake County | B55: =B6-model!B5 -> 90 | C55: =C6-model!C5 -> 0 | D55: =D6-model!D5 -> -135 | E55: =E6-model!E5 -> -1526 | F55: =F6-model!F5 -> 0 | G55: =G6-model!G5 -> -1 | H55: =H6-model!H5 -> 8 | I55: =I6-model!I5 -> 0 | ... AS55: =AS6-model!AS5 -> 0
A56: Benewah County | B56: =B7-model!B6 -> 77 | C56: =C7-model!C6 -> 1 | D56: =D7-model!D6 -> 11 | E56: =E7-model!E6 -> 0 | F56: =F7-model!F6 -> -1063 | G56: =G7-model!G6 -> 3 | H56: =H7-model!H6 -> 1 | I56: =I7-model!I6 -> 1 | ... AS56: =AS7-model!AS6 -> 0
A57: Bingham County | B57: =B8-model!B7 -> 722 | C57: =C8-model!C7 -> 0 | D57: =D8-model!D7 -> 287 | E57: =E8-model!E7 -> 26 | F57: =F8-model!F7 -> 2 | G57: =G8-model!G7 -> -4326 | H57: =H8-model!H7 -> 91 | I57: =I8-model!I7 -> 0 | ... AS57: =AS8-model!AS7 -> 2
A58: Blaine County | B58: =B9-model!B8 -> 630 | C58: =C9-model!C8 -> 1 | D58: =D9-model!D8 -> 66 | E58: =E9-model!E8 -> 1 | F58: =F9-model!F8 -> 0 | G58: =G9-model!G8 -> 12 | H58: =H9-model!H8 -> -6768 | I58: =I9-model!I8 -> 4 | ... AS58: =AS9-model!AS8 -> 5
A59: Boise County | B59: =B10-model!B9 -> -269 | C59: =C10-model!C9 -> 6 | D59: =D10-model!D9 -> 12 | E59: =E10-model!E9 -> 0 | F59: =F10-model!F9 -> 0 | G59: =G10-model!G9 -> 4 | H59: =H10-model!H9 -> 17 | I59: =I10-model!I9 -> -1481 | ... AS59: =AS10-model!AS9 -> 1
A60: Bonner County | B60: =B11-model!B10 -> 419 | C60: =C11-model!C10 -> 0 | D60: =D11-model!D10 -> 38 | E60: =E11-model!E10 -> 0 | F60: =F11-model!F10 -> 60 | G60: =G11-model!G10 -> 6 | H60: =H11-model!H10 -> 22 | I60: =I11-model!I10 -> 0 | ... AS60: =AS11-model!AS10 -> 4
A61: Bonneville County | B61: =B12-model!B11 -> 1810 | C61: =C12-model!C11 -> 3 | D61: =D12-model!D11 -> 1559 | E61: =E12-model!E11 -> 27 | F61: =F12-model!F11 -> 1 | G61: =G12-model!G11 -> 1622 | H61: =H12-model!H11 -> 150 | I61: =I12-model!I11 -> 2 | ... AS61: =AS12-model!AS11 -> 4
A62: Boundary County | B62: =B13-model!B12 -> 110 | C62: =C13-model!C12 -> 1 | D62: =D13-model!D12 -> 12 | E62: =E13-model!E12 -> 0 | F62: =F13-model!F12 -> -9 | G62: =G13-model!G12 -> 1 | H62: =H13-model!H12 -> 5 | I62: =I13-model!I12 -> 0 | ... AS62: =AS13-model!AS12 -> 3
A63: Butte County | B63: =B14-model!B13 -> 36 | C63: =C14-model!C13 -> 0 | D63: =D14-model!D13 -> -42 | E63: =E14-model!E13 -> 1 | F63: =F14-model!F13 -> 1 | G63: =G14-model!G13 -> 3 | H63: =H14-model!H13 -> 9 | I63: =I14-model!I13 -> 0 | ... AS63: =AS14-model!AS13 -> 1
... A95: Washington County | B95: =B46-model!B45 -> -509 | C95: =C46-model!C45 -> 41 | D95: =D46-model!D45 -> 22 | E95: =E46-model!E45 -> 0 | F95: =F46-model!F45 -> 0 | G95: =G46-model!G45 -> 5 | H95: =H46-model!H45 -> 21 | I95: =I46-model!I45 -> -1 | ... AS95: =AS46-model!AS45 -> -1838

Sheet IPF LODES to ASIM
A1: ACS County Flows | B1: Ada County | C1: Adams County | D1: Bannock County | E1: Bear Lake County | F1: Benewah County | G1: Bingham County | H1: Blaine County | I1: Boise County | J1: Bonner County | K1: Bonneville County | L1: Boundary County | M1: Butte County | N1: Camas County | O1: Canyon County | P1: Caribou County | Q1: Cassia County | R1: Clark County | S1: Clearwater County | T1: Custer County | U1: Elmore County | V1: Franklin County | W1: Fremont County | X1: Gem County | Y1: Gooding County | Z1: Idaho County | AA1: Jefferson County | AB1: Jerome County | AC1: Kootenai County | AD1: Latah County | AE1: Lemhi County | AF1: Lewis County | AG1: Lincoln County | AH1: Madison County | AI1: Minidoka County | AJ1: Nez Perce County | AK1: Oneida County | AL1: Owyhee County | AM1: Payette County | AN1: Power County | AO1: Shoshone County | AP1: Teton County | AQ1: Twin Falls County | AR1: Valley County | AS1: Washington County | AT1: ACS Total | AU1: Model Total
A2: Ada County | B2: 185164 | C2: 79 | D2: 761 | E2: 6 | F2: 39 | G2: 158 | H2: 607 | I2: 249 | J2: 154 | K2: 1748 | L2: 40 | M2: 7 | N2: 5 | O2: 20601 | P2: 58 | Q2: 178 | S2: 34 | T2: 43 | U2: 807 | V2: 33 | W2: 85 | X2: 751 | Y2: 103 | Z2: 58 | AA2: 27 | AB2: 241 | AC2: 1314 | AD2: 379 | AE2: 48 | AF2: 6 | AG2: 25 | AH2: 131 | AI2: 251 | AJ2: 380 | AK2: 28 | AL2: 322 | AM2: 588 | AN2: 67 | AO2: 68 | AP2: 34 | AQ2: 1520 | AR2: 449 | AS2: 102 | AT2: =SUM(B2:AS2) -> 217748 | AU2: =model!AT2 -> 274359
A3: Adams County | B3: 195 | C3: 537 | D3: 5 | H3: 6 | I3: 3 | K3: 10 | O3: 71 | P3: 2 | Q3: 6 | T3: 3 | U3: 2 | W3: 1 | X3: 7 | Y3: 2 | Z3: 36 | AA3: 1 | AB3: 5 | AC3: 8 | AD3: 2 | AE3: 3 | AG3: 5 | AI3: 1 | AJ3: 6 | AL3: 3 | AM3: 17 | AQ3: 27 | AR3: 214 | AS3: 56 | AT3: =SUM(B3:AS3) -> 1234 | AU3: =model!AT3 -> 2471
A4: Bannock County | B4: 1236 | D4: 24357 | E4: 43 | F4: 1 | G4: 1941 | H4: 94 | J4: 21 | K4: 3332 | M4: 24 | O4: 211 | P4: 236 | Q4: 153 | R4: 4 | S4: 6 | T4: 15 | U4: 27 | V4: 118 | W4: 33 | X4: 12 | Y4: 25 | Z4: 2 | AA4: 165 | AB4: 53 | AC4: 145 | AD4: 42 | AE4: 15 | AF4: 9 | AG4: 24 | AH4: 464 | AI4: 133 | AJ4: 66 | AK4: 93 | AL4: 12 | AM4: 19 | AN4: 886 | AO4: 6 | AP4: 76 | AQ4: 468 | AR4: 14 | AS4: 5 | AT4: =SUM(B4:AS4) -> 34586 | AU4: =model!AT4 -> 49878
A5: Bear Lake County | B5: 92 | D5: 78 | E5: 1034 | G5: 25 | H5: 8 | J5: 1 | K5: 69 | O5: 15 | P5: 284 | Q5: 17 | S5: 2 | T5: 1 | U5: 3 | V5: 22 | W5: 2 | X5: 1 | Y5: 2 | AA5: 11 | AB5: 4 | AC5: 8 | AD5: 1 | AE5: 2 | AG5: 1 | AH5: 15 | AI5: 13 | AJ5: 5 | AK5: 6 | AL5: 1 | AN5: 9 | AP5: 11 | AQ5: 31 | AT5: =SUM(B5:AS5) -> 1774 | AU5: =model!AT5 -> 3331
A6: Benewah County | B6: 77 | C6: 1 | D6: 11 | F6: 2022 | G6: 3 | H6: 1 | I6: 1 | J6: 56 | K6: 8 | L6: 9 | O6: 16 | Q6: 1 | S6: 14 | V6: 1 | W6: 3 | AC6: 514 | AD6: 111 | AF6: 1 | AH6: 5 | AI6: 1 | AJ6: 38 | AK6: 1 | AM6: 2 | AO6: 49 | AQ6: 5 | AR6: 2 | AT6: =SUM(B6:AS6) -> 2953 | AU6: =model!AT6 -> 4939
A7: Bingham County | B7: 722 | D7: 1984 | E7: 26 | F7: 2 | G7: 8391 | H7: 96 | J7: 16 | K7: 5409 | L7: 1 | M7: 10 | O7: 109 | P7: 42 | Q7: 105 | R7: 2 | S7: 1 | T7: 7 | U7: 16 | V7: 37 | W7: 13 | X7: 5 | Y7: 16 | Z7: 2 | AA7: 287 | AB7: 38 | AC7: 57 | AD7: 12 | AE7: 6 | AF7: 1 | AG7: 10 | AH7: 342 | AI7: 110 | AJ7: 27 | AK7: 15 | AL7: 13 | AM7: 8 | AN7: 298 | AO7: 10 | AP7: 43 | AQ7: 222 | AR7: 7 | AS7: 2 | AT7: =SUM(B7:AS7) -> 18520 | AU7: =model!AT7 -> 25685
A8: Blaine County | B8: 647 | C8: 1 | D8: 102 | E8: 1 | G8: 31 | H8: 6467 | I8: 4 | J8: 4 | K8: 107 | M8: 7 | N8: 20 | O8: 153 | P8: 5 | Q8: 54 | S8: 1 | T8: 27 | U8: 28 | V8: 4 | W8: 6 | X8: 7 | Y8: 45 | AA8: 8 | AB8: 50 | AC8: 35 | AD8: 11 | AE8: 2 | AG8: 51 | AH8: 36 | AI8: 31 | AJ8: 16 | AK8: 7 | AL8: 13 | AM8: 14 | AN8: 8 | AO8: 4 | AP8: 4 | AQ8: 271 | AR8: 8 | AS8: 5 | AT8: =SUM(B8:AS8) -> 8295 | AU8: =model!AT8 -> 13880
A9: Boise County | B9: 1478 | C9: 6 | D9: 17 | G9: 4 | H9: 21 | I9: 680 | J9: 2 | K9: 29 | O9: 236 | Q9: 7 | S9: 1 | T9: 6 | U9: 23 | V9: 2 | X9: 41 | Y9: 16 | Z9: 7 | AA9: 1 | AB9: 13 | AC9: 17 | AE9: 4 | AG9: 1 | AH9: 3 | AJ9: 5 | AL9: 1 | AM9: 15 | AO9: 1 | AP9: 2 | AQ9: 58 | AR9: 33 | AS9: 3 | AT9: =SUM(B9:AS9) -> 2733 | AU9: =model!AT9 -> 4431
A10: Bonner County | B10: 419 | D10: 38 | F10: 100 | G10: 6 | H10: 22 | J10: 9947 | K10: 80 | L10: 294 | O10: 87 | P10: 2 | Q10: 2 | S10: 56 | T10: 1 | U10: 6 | W10: 5 | X10: 4 | Y10: 1 | Z10: 9 | AA10: 3 | AB10: 2 | AC10: 2594 | AD10: 147 | AE10: 2 | AF10: 11 | AH10: 13 | AI10: 5 | AJ10: 135 | AK10: 4 | AM10: 4 | AO10: 164 | AP10: 2 | AQ10: 33 | AR10: 11 | AS10: 4 | AT10: =SUM(B10:AS10) -> 14213 | AU10: =model!AT10 -> 24539
A11: Bonneville County | B11: 1812 | C11: 3 | D11: 2145 | E11: 27 | F11: 1 | G11: 1847 | H11: 150 | I11: 2 | J11: 8 | K11: 37738 | L11: 3 | M11: 20 | N11: 5 | O11: 226 | P11: 85 | Q11: 221 | R11: 9 | S11: 3 | T11: 28 | U11: 29 | V11: 76 | W11: 287 | X11: 10 | Y11: 74 | Z11: 2 | AA11: 1918 | AB11: 132 | AC11: 183 | AD11: 70 | AE11: 42 | AF11: 2 | AG11: 15 | AH11: 2083 | AI11: 169 | AJ11: 72 | AK11: 19 | AL11: 12 | AM11: 24 | AN11: 75 | AO11: 12 | AP11: 204 | AQ11: 678 | AR11: 17 | AS11: 4 | AT11: =SUM(B11:AS11) -> 50542 | AU11: =model!AT11 -> 37185
A12: Boundary County | B12: 110 | C12: 1 | D12: 12 | F12: 12 | G12: 1 | H12: 5 | J12: 584 | K12: 26 | L12: 2550 | O12: 15 | Q12: 2 | S12: 5 | T12: 2 | U12: 5 | Z12: 2 | AA12: 1 | AB12: 2 | AC12: 332 | AD12: 37 | AE12: 1 | AF12: 3 | AH12: 4 | AI12: 3 | AJ12: 40 | AK12: 1 | AO12: 16 | AQ12: 7 | AR12: 4 | AS12: 3 | AT12: =SUM(B12:AS12) -> 3786 | AU12: =model!AT12 -> 6355
A13: Butte County | B13: 40 | D13: 40 | E13: 1 | F13: 1 | G13: 32 | H13: 20 | K13: 211 | M13: 361 | O13: 4 | Q13: 6 | R13: 4 | T13: 48 | U13: 1 | V13: 3 | W13: 3 | Y13: 2 | AA13: 6 | AB13: 5 | AC13: 4 | AD13: 1 | AG13: 16 | AH13: 15 | AI13: 2 | AJ13: 2 | AL13: 1 | AM13: 2 | AN13: 4 | AO13: 1 | AP13: 2 | AQ13: 20 | AR13: 3 | AS13: 1 | AT13: =SUM(B13:AS13) -> 862 | AU13: =model!AT13 -> 1448
A14: Camas County | B14: 25 | D14: 5 | G14: 2 | H14: 79 | K14: 6 | N14: 118 | O14: 6 | Q14: 6 | U14: 3 | V14: 1 | Y14: 7 | AB14: 4 | AC14: 3 | AG14: 2 | AH14: 1 | AI14: 5 | AL14: 1 | AM14: 1 | AN14: 2 | AQ14: 16 | AS14: 1 | AT14: =SUM(B14:AS14) -> 294 | AU14: =model!AT14 -> 737
A15: Canyon County | B15: 46667 | C15: 39 | D15: 321 | E15: 4 | F15: 17 | G15: 81 | H15: 271 | I15: 71 | J15: 58 | K15: 810 | L15: 25 | M15: 3 | N15: 2 | O15: 42229 | P15: 29 | Q15: 88 | S15: 10 | T15: 18 | U15: 300 | V15: 17 | W15: 18 | X15: 524 | Y15: 42 | Z15: 23 | AA15: 12 | AB15: 119 | AC15: 664 | AD15: 183 | AE15: 22 | AF15: 3 | AG15: 7 | AH15: 65 | AI15: 110 | AJ15: 178 | AK15: 10 | AL15: 854 | AM15: 1002 | AN15: 25 | AO15: 39 | AP15: 19 | AQ15: 699 | AR15: 241 | AS15: 104 | AT15: =SUM(B15:AS15) -> 96023 | AU15: =model!AT15 -> 122770
A16: Caribou County | B16: 96 | D16: 259 | E16: 28 | G16: 47 | H16: 8 | K16: 86 | O16: 15 | P16: 1692 | Q16: 17 | T16: 1 | U16: 3 | V16: 62 | W16: 1 | X16: 2 | Y16: 4 | AA16: 20 | AB16: 5 | AC16: 19 | AD16: 2 | AG16: 2 | AH16: 33 | AI16: 2 | AJ16: 4 | AK16: 4 | AL16: 1 | AM16: 1 | AN16: 23 | AP16: 13 | AQ16: 32 | AR16: 3 | AT16: =SUM(B16:AS16) -> 2485 | AU16: =model!AT16 -> 3888
A17: Cassia County | B17: 643 | C17: 1 | D17: 199 | E17: 1 | G17: 28 | H17: 50 | I17: 1 | J17: 7 | K17: 116 | M17: 2 | O17: 164 | P17: 7 | Q17: 5439 | T17: 10 | U17: 35 | V17: 7 | W17: 2 | X17: 10 | Y17: 43 | Z17: 3 | AA17: 13 | AB17: 246 | AC17: 27 | AD17: 6 | AE17: 4 | AF17: 2 | AG17: 27 | AH17: 28 | AI17: 1747 | AJ17: 13 | AK17: 2 | AL17: 5 | AM17: 13 | AN17: 56 | AO17: 1 | AP17: 5 | AQ17: 982 | AR17: 5 | AS17: 7 | AT17: =SUM(B17:AS17) -> 9957 | AU17: =model!AT17 -> 13044
A18: Clark County | B18: 8 | D18: 11 | G18: 7 | H18: 4 | K18: 46 | R18: 123 | T18: 3 | U18: 1 | W18: 4 | AA18: 60 | AB18: 2 | AD18: 1 | AE18: 1 | AG18: 1 | AH18: 17 | AI18: 3 | AJ18: 1 | AM18: 1 | AP18: 3 | AQ18: 6 | AT18: =SUM(B18:AS18) -> 303 | AU18: =model!AT18 -> 504
A19: Clearwater County | B19: 120 | C19: 1 | D19: 7 | F19: 12 | G19: 1 | H19: 1 | J19: 13 | K19: 12 | L19: 8 | O19: 19 | Q19: 1 | S19: 1506 | W19: 1 | X19: 5 | Y19: 1 | Z19: 72 | AC19: 118 | AD19: 57 | AE19: 1 | AF19: 66 | AH19: 1 | AJ19: 307 | AM19: 6 | AN19: 1 | AO19: 10 | AQ19: 5 | AR19: 5 | AS19: 4 | AT19: =SUM(B19:AS19) -> 2361 | AU19: =model!AT19 -> 3697
A20: Custer County | B20: 78 | D20: 38 | E20: 1 | G20: 7 | H20: 22 | K20: 117 | M20: 28 | O20: 5 | P20: 3 | Q20: 6 | T20: 754 | U20: 4 | V20: 5 | W20: 1 | Y20: 5 | AA20: 7 | AB20: 12 | AC20: 9 | AD20: 1 | AE20: 47 | AG20: 3 | AH20: 13 | AI20: 3 | AJ20: 4 | AM20: 2 | AN20: 1 | AP20: 1 | AQ20: 16 | AR20: 1 | AT20: =SUM(B20:AS20) -> 1194 | AU20: =model!AT20 -> 2501
A21: Elmore County | B21: 3020 | C21: 2 | D21: 47 | F21: 2 | G21: 7 | H21: 84 | I21: 10 | J21: 6 | K21: 64 | L21: 1 | M21: 1 | N21: 5 | O21: 740 | P21: 4 | Q21: 20 | S21: 2 | T21: 12 | U21: 4033 | W21: 1 | X21: 41 | Y21: 90 | Z21: 11 | AA21: 4 | AB21: 114 | AC21: 40 | AD21: 6 | AE21: 5 | AF21: 1 | AG21: 14 | AH21: 8 | AI21: 14 | AJ21: 14 | AL21: 152 | AM21: 36 | AN21: 4 | AO21: 2 | AP21: 1 | AQ21: 429 | AR21: 24 | AS21: 11 | AT21: =SUM(B21:AS21) -> 9082 | AU21: =model!AT21 -> 16200
A22: Franklin County | B22: 207 | D22: 190 | E22: 21 | G22: 48 | H22: 13 | K22: 85 | L22: 1 | O22: 29 | P22: 97 | Q22: 19 | U22: 2 | V22: 2625 | W22: 4 | X22: 2 | Y22: 8 | AA22: 16 | AB22: 14 | AC22: 26 | AD22: 6 | AE22: 2 | AF22: 1 | AG22: 3 | AH22: 39 | AI22: 12 | AJ22: 11 | AK22: 33 | AL22: 2 | AM22: 1 | AN22: 25 | AO22: 3 | AP22: 6 | AQ22: 80 | AR22: 3 | AS22: 1 | AT22: =SUM(B22:AS22) -> 3635 | AU22: =model!AT22 -> 5944
A23: Fremont County | B23: 175 | D23: 164 | E23: 2 | G23: 115 | H23: 19 | I23: 1 | J23: 2 | K23: 654 | L23: 1 | M23: 1 | O23: 20 | P23: 19 | Q23: 27 | R23: 2 | T23: 1 | U23: 3 | V23: 12 | W23: 1635 | Y23: 3 | AA23: 184 | AB23: 21 | AC23: 15 | AD23: 11 | AE23: 3 | AG23: 4 | AH23: 1449 | AI23: 16 | AJ23: 6 | AK23: 1 | AM23: 3 | AN23: 7 | AO23: 1 | AP23: 107 | AQ23: 47 | AT23: =SUM(B23:AS23) -> 4731 | AU23: =model!AT23 -> 6950
A24: Gem County | B24: 3204 | C24: 9 | D24: 41 | E24: 1 | G24: 11 | H24: 15 | I24: 49 | J24: 6 | K24: 42 | L24: 1 | M24: 2 | O24: 1136 | P24: 4 | Q24: 13 | S24: 2 | T24: 5 | U24: 31 | V24: 1 | W24: 1 | X24: 2006 | Y24: 10 | Z24: 3 | AA24: 2 | AB24: 23 | AC24: 23 | AD24: 10 | AE24: 3 | AH24: 9 | AI24: 10 | AJ24: 16 | AL24: 18 | AM24: 177 | AN24: 3 | AO24: 1 | AQ24: 121 | AR24: 77 | AS24: 30 | AT24: =SUM(B24:AS24) -> 7116 | AU24: =model!AT24 -> 10879
A25: Gooding County | B25: 375 | D25: 73 | G25: 16 | H25: 182 | I25: 2 | J25: 7 | K25: 69 | M25: 3 | N25: 27 | O25: 91 | P25: 1 | Q25: 117 | S25: 1 | T25: 12 | U25: 54 | V25: 7 | W25: 5 | X25: 7 | Y25: 2849 | Z25: 1 | AA25: 4 | AB25: 879 | AC25: 23 | AD25: 10 | AE25: 3 | AF25: 2 | AG25: 186 | AH25: 16 | AI25: 69 | AJ25: 7 | AK25: 4 | AL25: 10 | AM25: 8 | AN25: 5 | AO25: 1 | AP25: 3 | AQ25: 1076 | AR25: 4 | AS25: 3 | AT25: =SUM(B25:AS25) -> 6212 | AU25: =model!AT25 -> 9619
A26: Idaho County | B26: 210 | C26: 51 | D26: 9 | E26: 1 | F26: 15 | G26: 1 | H26: 5 | I26: 1 | J26: 24 | K26: 15 | L26: 8 | O26: 35 | Q26: 3 | S26: 133 | U26: 2 | V26: 1 | X26: 3 | Y26: 1 | Z26: 3082 | AC26: 144 | AD26: 95 | AE26: 2 | AF26: 466 | AH26: 6 | AI26: 1 | AJ26: 401 | AL26: 1 | AM26: 5 | AO26: 4 | AP26: 3 | AQ26: 10 | AR26: 45 | AS26: 2 | AT26: =SUM(B26:AS26) -> 4785 | AU26: =model!AT26 -> 7807
A27: Jefferson County | B27: 472 | C27: 1 | D27: 410 | E27: 9 | G27: 291 | H27: 46 | J27: 6 | K27: 5258 | M27: 16 | O27: 62 | P27: 19 | Q27: 47 | R27: 36 | T27: 13 | U27: 10 | V27: 22 | W27: 166 | X27: 2 | Y27: 22 | Z27: 1 | AA27: 3057 | AB27: 47 | AC27: 47 | AD27: 18 | AE27: 15 | AG27: 8 | AH27: 1456 | AI27: 29 | AJ27: 17 | AK27: 10 | AL27: 2 | AM27: 7 | AN27: 23 | AO27: 4 | AP27: 85 | AQ27: 116 | AR27: 2 | AT27: =SUM(B27:AS27) -> 11852 | AU27: =model!AT27 -> 16006
A28: Jerome County | B28: 652 | D28: 167 | E28: 4 | G28: 41 | H28: 238 | I28: 2 | J28: 4 | K28: 107 | M28: 1 | N28: 19 | O28: 151 | P28: 4 | Q28: 274 | S28: 1 | T28: 11 | U28: 59 | V28: 11 | W28: 3 | X28: 8 | Y28: 724 | Z28: 2 | AA28: 14 | AB28: 3982 | AC28: 47 | AD28: 6 | AE28: 1 | AF28: 2 | AG28: 216 | AH28: 29 | AI28: 176 | AJ28: 17 | AK28: 1 | AL28: 14 | AM28: 18 | AN28: 72 | AO28: 2 | AP28: 8 | AQ28: 2922 | AR28: 10 | AS28: 7 | AT28: =SUM(B28:AS28) -> 10027 | AU28: =model!AT28 -> 13800
A29: Kootenai County | B29: 1543 | C29: 9 | D29: 169 | F29: 541 | G29: 22 | H29: 82 | I29: 1 | J29: 1570 | K29: 326 | L29: 191 | O29: 269 | P29: 20 | Q29: 26 | S29: 75 | T29: 12 | U29: 22 | V29: 3 | W29: 14 | X29: 16 | Y29: 4 | Z29: 29 | AA29: 6 | AB29: 7 | AC29: 47325 | AD29: 631 | AE29: 9 | AF29: 11 | AG29: 1 | AH29: 65 | AI29: 29 | AJ29: 520 | AK29: 3 | AM29: 11 | AO29: 783 | AP29: 10 | AQ29: 150 | AR29: 38 | AS29: 15 | AT29: =SUM(B29:AS29) -> 54558 | AU29: =model!AT29 -> 98217
A30: Latah County | B30: 509 | C30: 11 | D30: 40 | E30: 1 | F30: 76 | G30: 2 | H30: 16 | I30: 2 | J30: 75 | K30: 48 | L30: 12 | O30: 83 | Q30: 2 | R30: 1 | S30: 88 | T30: 3 | U30: 7 | V30: 2 | X30: 5 | Y30: 12 | Z30: 66 | AA30: 2 | AB30: 4 | AC30: 566 | AD30: 8146 | AE30: 4 | AF30: 41 | AH30: 10 | AI30: 1 | AJ30: 1053 | AL30: 3 | AM30: 13 | AN30: 4 | AO30: 44 | AP30: 5 | AQ30: 21 | AR30: 30 | AS30: 7 | AT30: =SUM(B30:AS30) -> 11015 | AU30: =model!AT30 -> 19565
A31: Lemhi County | B31: 127 | C31: 1 | D31: 33 | G31: 15 | H31: 23 | I31: 1 | K31: 140 | M31: 3 | O31: 12 | P31: 2 | Q31: 10 | T31: 90 | U31: 4 | W31: 1 | Y31: 9 | AA31: 12 | AB31: 9 | AC31: 13 | AD31: 3 | AE31: 1768 | AG31: 8 | AH31: 34 | AI31: 11 | AJ31: 10 | AL31: 1 | AM31: 2 | AN31: 8 | AO31: 2 | AP31: 7 | AQ31: 40 | AR31: 1 | AT31: =SUM(B31:AS31) -> 2400 | AU31: =model!AT31 -> 4529
A32: Lewis County | B32: 43 | C32: 5 | D32: 7 | F32: 8 | G32: 1 | J32: 6 | K32: 1 | L32: 2 | O32: 10 | S32: 54 | U32: 2 | X32: 1 | Z32: 189 | AC32: 47 | AD32: 17 | AF32: 435 | AH32: 2 | AJ32: 216 | AM32: 2 | AO32: 3 | AQ32: 2 | AR32: 4 | AS32: 3 | AT32: =SUM(B32:AS32) -> 1060 | AU32: =model!AT32 -> 1593
A33: Lincoln County | B33: 148 | D33: 24 | G33: 8 | H33: 552 | J33: 1 | K33: 28 | N33: 1 | O33: 37 | P33: 2 | Q33: 31 | T33: 3 | U33: 11 | V33: 3 | X33: 4 | Y33: 149 | Z33: 1 | AA33: 1 | AB33: 142 | AC33: 8 | AD33: 5 | AG33: 708 | AH33: 2 | AI33: 27 | AJ33: 1 | AL33: 3 | AM33: 3 | AN33: 12 | AO33: 1 | AQ33: 289 | AR33: 2 | AS33: 2 | AT33: =SUM(B33:AS33) -> 2209 | AU33: =model!AT33 -> 3333
A34: Madison County | B34: 731 | C34: 2 | D34: 463 | E34: 8 | G34: 263 | H34: 57 | I34: 5 | J34: 5 | K34: 2664 | M34: 4 | N34: 2 | O34: 76 | P34: 22 | Q34: 86 | R34: 8 | S34: 3 | T34: 7 | U34: 14 | V34: 9 | W34: 462 | X34: 4 | Y34: 17 | Z34: 3 | AA34: 836 | AB34: 34 | AC34: 73 | AD34: 48 | AE34: 13 | AG34: 11 | AH34: 8329 | AI34: 39 | AJ34: 30 | AK34: 5 | AL34: 6 | AM34: 14 | AN34: 24 | AO34: 14 | AP34: 176 | AQ34: 176 | AR34: 8 | AS34: 2 | AT34: =SUM(B34:AS34) -> 14753 | AU34: =model!AT34 -> 25454
A35: Minidoka County | B35: 555 | C35: 1 | D35: 171 | E35: 2 | G35: 42 | H35: 69 | I35: 3 | K35: 108 | M35: 5 | N35: 2 | O35: 137 | P35: 6 | Q35: 2810 | S35: 1 | T35: 4 | U35: 41 | V35: 8 | W35: 5 | X35: 8 | Y35: 46 | Z35: 2 | AA35: 9 | AB35: 249 | AC35: 34 | AD35: 11 | AE35: 3 | AG35: 51 | AH35: 22 | AI35: 3833 | AJ35: 6 | AK35: 3 | AL35: 4 | AM35: 8 | AN35: 54 | AO35: 1 | AP35: 2 | AQ35: 880 | AR35: 2 | AS35: 6 | AT35: =SUM(B35:AS35) -> 9204 | AU35: =model!AT35 -> 12796
A36: Nez Perce County | B36: 489 | C36: 3 | D36: 39 | F36: 28 | H36: 15 | I36: 2 | J36: 67 | K36: 53 | L36: 18 | O36: 87 | P36: 1 | Q36: 4 | S36: 197 | T36: 1 | U36: 1 | V36: 5 | W36: 4 | X36: 2 | Y36: 10 | Z36: 188 | AA36: 1 | AB36: 4 | AC36: 590 | AD36: 764 | AE36: 5 | AF36: 113 | AH36: 7 | AI36: 2 | AJ36: 11890 | AL36: 4 | AM36: 14 | AN36: 7 | AO36: 13 | AP36: 1 | AQ36: 36 | AR36: 37 | AS36: 2 | AT36: =SUM(B36:AS36) -> 14704 | AU36: =model!AT36 -> 18581
A37: Oneida County | B37: 66 | D37: 99 | E37: 2 | G37: 15 | H37: 3 | J37: 1 | K37: 44 | M37: 10 | O37: 12 | P37: 12 | Q37: 17 | R37: 4 | V37: 17 | X37: 2 | Y37: 3 | AA37: 5 | AB37: 3 | AC37: 8 | AD37: 3 | AE37: 2 | AG37: 3 | AH37: 16 | AI37: 3 | AJ37: 3 | AK37: 878 | AM37: 2 | AN37: 4 | AQ37: 19 | AR37: 2 | AT37: =SUM(B37:AS37) -> 1258 | AU37: =model!AT37 -> 2614
A38: Owyhee County | B38: 1114 | C38: 1 | D38: 21 | E38: 1 | G38: 6 | H38: 24 | I38: 7 | J38: 2 | K38: 25 | L38: 2 | N38: 1 | O38: 1409 | P38: 1 | Q38: 12 | T38: 1 | U38: 97 | X38: 23 | Y38: 9 | Z38: 7 | AA38: 1 | AB38: 27 | AC38: 20 | AE38: 2 | AG38: 7 | AH38: 8 | AI38: 6 | AJ38: 8 | AL38: 1031 | AM38: 45 | AN38: 2 | AO38: 1 | AP38: 1 | AQ38: 81 | AR38: 11 | AS38: 17 | AT38: =SUM(B38:AS38) -> 4031 | AU38: =model!AT38 -> 6760
A39: Payette County | B39: 1777 | C39: 23 | D39: 45 | E39: 1 | G39: 9 | H39: 19 | I39: 6 | J39: 5 | K39: 47 | M39: 2 | N39: 1 | O39: 1237 | P39: 3 | Q39: 23 | S39: 1 | T39: 4 | U39: 42 | V39: 3 | X39: 172 | Y39: 21 | Z39: 16 | AA39: 5 | AB39: 30 | AC39: 36 | AD39: 11 | AE39: 1 | AG39: 4 | AH39: 12 | AI39: 18 | AJ39: 20 | AL39: 40 | AM39: 3057 | AN39: 2 | AO39: 1 | AP39: 1 | AQ39: 147 | AR39: 59 | AS39: 308 | AT39: =SUM(B39:AS39) -> 7209 | AU39: =model!AT39 -> 13035
A40: Power County | B40: 148 | D40: 576 | E40: 4 | G40: 192 | H40: 12 | J40: 1 | K40: 152 | M40: 2 | O40: 18 | P40: 6 | Q40: 44 | S40: 1 | T40: 1 | U40: 3 | V40: 6 | W40: 1 | Y40: 8 | AA40: 8 | AB40: 7 | AC40: 8 | AD40: 2 | AE40: 3 | AH40: 40 | AI40: 25 | AJ40: 5 | AK40: 6 | AL40: 1 | AM40: 3 | AN40: 1536 | AP40: 1 | AQ40: 37 | AR40: 4 | AT40: =SUM(B40:AS40) -> 2861 | AU40: =model!AT40 -> 4135
A41: Shoshone County | B41: 124 | D41: 16 | F41: 55 | H41: 5 | J41: 70 | K41: 25 | L41: 9 | O41: 18 | S41: 18 | T41: 1 | U41: 3 | V41: 1 | W41: 1 | Y41: 2 | Z41: 11 | AB41: 1 | AC41: 803 | AD41: 59 | AE41: 1 | AF41: 1 | AH41: 9 | AI41: 5 | AJ41: 37 | AO41: 2730 | AP41: 1 | AQ41: 14 | AR41: 1 | AT41: =SUM(B41:AS41) -> 4021 | AU41: =model!AT41 -> 7135
A42: Teton County | B42: 173 | C42: 1 | D42: 95 | E42: 6 | G42: 54 | H42: 23 | I42: 1 | K42: 219 | M42: 1 | N42: 1 | O42: 22 | P42: 20 | Q42: 24 | T42: 5 | U42: 6 | V42: 8 | W42: 27 | Y42: 14 | AA42: 39 | AB42: 16 | AC42: 18 | AD42: 5 | AE42: 5 | AG42: 3 | AH42: 119 | AI42: 10 | AJ42: 8 | AL42: 2 | AM42: 2 | AN42: 10 | AP42: 2000 | AQ42: 40 | AR42: 3 | AT42: =SUM(B42:AS42) -> 2980 | AU42: =model!AT42 -> 7233
A43: Twin Falls County | B43: 2440 | C43: 2 | D43: 577 | E43: 8 | F43: 3 | G43: 101 | H43: 512 | I43: 2 | J43: 27 | K43: 434 | L43: 2 | M43: 5 | N43: 14 | O43: 542 | P43: 13 | Q43: 1010 | R43: 1 | S43: 4 | T43: 26 | U43: 176 | V43: 27 | W43: 13 | X43: 30 | Y43: 943 | Z43: 9 | AA43: 29 | AB43: 2780 | AC43: 165 | AD43: 34 | AE43: 13 | AF43: 10 | AG43: 228 | AH43: 87 | AI43: 584 | AJ43: 56 | AK43: 12 | AL43: 39 | AM43: 58 | AN43: 130 | AO43: 9 | AP43: 17 | AQ43: 25017 | AR43: 26 | AS43: 24 | AT43: =SUM(B43:AS43) -> 36239 | AU43: =model!AT43 -> 52633
A44: Valley County | B44: 740 | C44: 174 | D44: 24 | G44: 9 | H44: 25 | I44: 13 | J44: 3 | K44: 30 | M44: 2 | N44: 3 | O44: 172 | Q44: 14 | T44: 2 | U44: 16 | W44: 4 | X44: 24 | Y44: 12 | Z44: 26 | AB44: 8 | AC44: 21 | AD44: 9 | AE44: 4 | AG44: 2 | AH44: 4 | AI44: 6 | AJ44: 12 | AL44: 6 | AM44: 34 | AN44: 2 | AO44: 1 | AQ44: 50 | AR44: 2223 | AS44: 19 | AT44: =SUM(B44:AS44) -> 3694 | AU44: =model!AT44 -> 6494
A45: Washington County | B45: 543 | C45: 46 | D45: 23 | G45: 5 | H45: 24 | I45: 1 | J45: 3 | K45: 23 | L45: 1 | M45: 2 | O45: 274 | P45: 3 | Q45: 5 | T45: 1 | U45: 15 | W45: 2 | X45: 41 | Y45: 11 | Z45: 10 | AA45: 2 | AB45: 23 | AC45: 21 | AD45: 2 | AE45: 6 | AF45: 4 | AG45: 1 | AH45: 3 | AI45: 5 | AJ45: 9 | AL45: 10 | AM45: 322 | AN45: 1 | AO45: 1 | AP45: 1 | AQ45: 64 | AR45: 43 | AS45: 1669 | AT45: =SUM(B45:AS45) -> 3220 | AU45: =model!AT45 -> 5477
A46: ACS Total | B46: =SUM(B2:B45) -> 259214 | C46: =SUM(C2:C45) -> 1011 | D46: =SUM(D2:D45) -> 33913 | E46: =SUM(E2:E45) -> 1243 | F46: =SUM(F2:F45) -> 2935 | G46: =SUM(G2:G45) -> 13886 | H46: =SUM(H2:H45) -> 9995 | I46: =SUM(I2:I45) -> 1120 | ... AS46: =SUM(AS2:AS45) -> 2429
A47: Model Total | B47: =model!B46 -> 318899 | C47: =model!C46 -> 2213 | D47: =model!D46 -> 49379 | E47: =model!E46 -> 2573 | F47: =model!F46 -> 3502 | G47: =model!G46 -> 15093 | H47: =model!H46 -> 14867 | I47: =model!I46 -> 2245 | ... AS47: =model!AS46 -> 3832
A50: Iter 1R | B50: Ada County | C50: Adams County | D50: Bannock County | E50: Bear Lake County | F50: Benewah County | G50: Bingham County | H50: Blaine County | I50: Boise County | J50: Bonner County | K50: Bonneville County | L50: Boundary County | M50: Butte County | N50: Camas County | O50: Canyon County | P50: Caribou County | Q50: Cassia County | R50: Clark County | S50: Clearwater County | T50: Custer County | U50: Elmore County | V50: Franklin County | W50: Fremont County | X50: Gem County | Y50: Gooding County | Z50: Idaho County | AA50: Jefferson County | AB50: Jerome County | AC50: Kootenai County | AD50: Latah County | AE50: Lemhi County | AF50: Lewis County | AG50: Lincoln County | AH50: Madison County | AI50: Minidoka County | AJ50: Nez Perce County | AK50: Oneida County | AL50: Owyhee County | AM50: Payette County | AN50: Power County | AO50: Shoshone County | AP50: Teton County | AQ50: Twin Falls County | AR50: Valley County | AS50: Washington County | AT50: ACS Total | AU50: Model Total
A51: Ada County | B51: =B2*($AU2/$AT2) -> 233303.68 | C51: =C2*($AU2/$AT2) -> 99.538737 | D51: =D2*($AU2/$AT2) -> 958.84784 | E51: =E2*($AU2/$AT2) -> 7.5599041 | F51: =F2*($AU2/$AT2) -> 49.139377 | G51: =G2*($AU2/$AT2) -> 199.07747 | H51: =H2*($AU2/$AT2) -> 764.8103 | I51: =I2*($AU2/$AT2) -> 313.73602 | ... AS51: =AS2*($AU2/$AT2) -> 128.51837 | AT51: =SUM(B51:AS51) -> 274359 | AU51: =model!AT2 -> 274359
A52: Adams County | B52: =B3*($AU3/$AT3) -> 390.47407 | C52: =C3*($AU3/$AT3) -> 1075.3055 | D52: =D3*($AU3/$AT3) -> 10.012156 | E52: =E3*($AU3/$AT3) -> 0 | F52: =F3*($AU3/$AT3) -> 0 | G52: =G3*($AU3/$AT3) -> 0 | H52: =H3*($AU3/$AT3) -> 12.014587 | I52: =I3*($AU3/$AT3) -> 6.0072934 | ... AS52: =AS3*($AU3/$AT3) -> 112.13614 | AT52: =SUM(B52:AS52) -> 2471 | AU52: =model!AT3 -> 2471
A53: Bannock County | B53: =B4*($AU4/$AT4) -> 1782.4903 | C53: =C4*($AU4/$AT4) -> 0 | D53: =D4*($AU4/$AT4) -> 35126.307 | E53: =E4*($AU4/$AT4) -> 62.012201 | F53: =F4*($AU4/$AT4) -> 1.4421442 | G53: =G4*($AU4/$AT4) -> 2799.2019 | H53: =H4*($AU4/$AT4) -> 135.56156 | I53: =I4*($AU4/$AT4) -> 0 | ... AS53: =AS4*($AU4/$AT4) -> 7.2107211 | AT53: =SUM(B53:AS53) -> 49878 | AU53: =model!AT4 -> 49878
A54: Bear Lake County | B54: =B5*($AU5/$AT5) -> 172.74634 | C54: =C5*($AU5/$AT5) -> 0 | D54: =D5*($AU5/$AT5) -> 146.45885 | E54: =E5*($AU5/$AT5) -> 1941.5186 | F54: =F5*($AU5/$AT5) -> 0 | G54: =G5*($AU5/$AT5) -> 46.941939 | H54: =H5*($AU5/$AT5) -> 15.021421 | I54: =I5*($AU5/$AT5) -> 0 | ... AS54: =AS5*($AU5/$AT5) -> 0 | AT54: =SUM(B54:AS54) -> 3331 | AU54: =model!AT5 -> 3331
A55: Benewah County | B55: =B6*($AU6/$AT6) -> 128.7853 | C55: =C6*($AU6/$AT6) -> 1.6725364 | D55: =D6*($AU6/$AT6) -> 18.3979 | E55: =E6*($AU6/$AT6) -> 0 | F55: =F6*($AU6/$AT6) -> 3381.8686 | G55: =G6*($AU6/$AT6) -> 5.0176092 | H55: =H6*($AU6/$AT6) -> 1.6725364 | I55: =I6*($AU6/$AT6) -> 1.6725364 | ... AS55: =AS6*($AU6/$AT6) -> 0 | AT55: =SUM(B55:AS55) -> 4939 | AU55: =model!AT6 -> 4939
A56: Bingham County | B56: =B7*($AU7/$AT7) -> 1001.3267 | C56: =C7*($AU7/$AT7) -> 0 | D56: =D7*($AU7/$AT7) -> 2751.568 | E56: =E7*($AU7/$AT7) -> 36.058855 | F56: =F7*($AU7/$AT7) -> 2.7737581 | G56: =G7*($AU7/$AT7) -> 11637.302 | H56: =H7*($AU7/$AT7) -> 133.14039 | I56: =I7*($AU7/$AT7) -> 0 | ... AS56: =AS7*($AU7/$AT7) -> 2.7737581 | AT56: =SUM(B56:AS56) -> 25685 | AU56: =model!AT7 -> 25685
A57: Blaine County | B57: =B8*($AU8/$AT8) -> 1082.6233 | C57: =C8*($AU8/$AT8) -> 1.6732972 | D57: =D8*($AU8/$AT8) -> 170.67631 | E57: =E8*($AU8/$AT8) -> 1.6732972 | F57: =F8*($AU8/$AT8) -> 0 | G57: =G8*($AU8/$AT8) -> 51.872212 | H57: =H8*($AU8/$AT8) -> 10821.213 | I57: =I8*($AU8/$AT8) -> 6.6931887 | ... AS57: =AS8*($AU8/$AT8) -> 8.3664858 | AT57: =SUM(B57:AS57) -> 13880 | AU57: =model!AT8 -> 13880
A58: Boise County | B58: =B9*($AU9/$AT9) -> 2396.2744 | C58: =C9*($AU9/$AT9) -> 9.7277717 | D58: =D9*($AU9/$AT9) -> 27.56202 | E58: =E9*($AU9/$AT9) -> 0 | F58: =F9*($AU9/$AT9) -> 0 | G58: =G9*($AU9/$AT9) -> 6.4851811 | H58: =H9*($AU9/$AT9) -> 34.047201 | I58: =I9*($AU9/$AT9) -> 1102.4808 | ... AS58: =AS9*($AU9/$AT9) -> 4.8638858 | AT58: =SUM(B58:AS58) -> 4431 | AU58: =model!AT9 -> 4431
A59: Bonner County | B59: =B10*($AU10/$AT10) -> 723.41103 | C59: =C10*($AU10/$AT10) -> 0 | D59: =D10*($AU10/$AT10) -> 65.607683 | E59: =E10*($AU10/$AT10) -> 0 | F59: =F10*($AU10/$AT10) -> 172.6518 | G59: =G10*($AU10/$AT10) -> 10.359108 | H59: =H10*($AU10/$AT10) -> 37.983395 | I59: =I10*($AU10/$AT10) -> 0 | ... AS59: =AS10*($AU10/$AT10) -> 6.9060719 | AT59: =SUM(B59:AS59) -> 24539 | AU59: =model!AT10 -> 24539
A60: Bonneville County | B60: =B11*($AU11/$AT11) -> 1333.1332 | C60: =C11*($AU11/$AT11) -> 2.2071742 | D60: =D11*($AU11/$AT11) -> 1578.1296 | E60: =E11*($AU11/$AT11) -> 19.864568 | F60: =F11*($AU11/$AT11) -> 0.73572474 | G60: =G11*($AU11/$AT11) -> 1358.8836 | H60: =H11*($AU11/$AT11) -> 110.35871 | I60: =I11*($AU11/$AT11) -> 1.4714495 | ... AS60: =AS11*($AU11/$AT11) -> 2.942899 | AT60: =SUM(B60:AS60) -> 37185 | AU60: =model!AT11 -> 37185
A61: Boundary County | B61: =B12*($AU12/$AT12) -> 184.64078 | C61: =C12*($AU12/$AT12) -> 1.6785526 | D61: =D12*($AU12/$AT12) -> 20.142631 | E61: =E12*($AU12/$AT12) -> 0 | F61: =F12*($AU12/$AT12) -> 20.142631 | G61: =G12*($AU12/$AT12) -> 1.6785526 | H61: =H12*($AU12/$AT12) -> 8.3927628 | I61: =I12*($AU12/$AT12) -> 0 | ... AS61: =AS12*($AU12/$AT12) -> 5.0356577 | AT61: =SUM(B61:AS61) -> 6355 | AU61: =model!AT12 -> 6355
A62: Butte County | B62: =B13*($AU13/$AT13) -> 67.192575 | C62: =C13*($AU13/$AT13) -> 0 | D62: =D13*($AU13/$AT13) -> 67.192575 | E62: =E13*($AU13/$AT13) -> 1.6798144 | F62: =F13*($AU13/$AT13) -> 1.6798144 | G62: =G13*($AU13/$AT13) -> 53.75406 | H62: =H13*($AU13/$AT13) -> 33.596288 | I62: =I13*($AU13/$AT13) -> 0 | ... AS62: =AS13*($AU13/$AT13) -> 1.6798144 | AT62: =SUM(B62:AS62) -> 1448 | AU62: =model!AT13 -> 1448
... A94: Washington County | B94: =B45*($AU45/$AT45) -> 923.6059 | C94: =C45*($AU45/$AT45) -> 78.242857 | D94: =D45*($AU45/$AT45) -> 39.121429 | E94: =E45*($AU45/$AT45) -> 0 | F94: =F45*($AU45/$AT45) -> 0 | G94: =G45*($AU45/$AT45) -> 8.5046584 | H94: =H45*($AU45/$AT45) -> 40.82236 | I94: =I45*($AU45/$AT45) -> 1.7009317 | ... AS94: =AS45*($AU45/$AT45) -> 2838.855 | AT94: =SUM(B94:AS94) -> 5477 | AU94: =model!AT45 -> 5477
A95: ACS Total | B95: =SUM(B51:B94) -> 335692.23 | C95: =SUM(C51:C94) -> 1832.9321 | D95: =SUM(D51:D94) -> 47651.267 | E95: =SUM(E51:E94) -> 2238.7558 | F95: =SUM(F51:F94) -> 4957.274 | G95: =SUM(G51:G94) -> 18404.078 | H95: =SUM(H51:H94) -> 15943.06 | I95: =SUM(I51:I94) -> 1700.8866 | ... AS95: =SUM(AS51:AS94) -> 4069.8244
A96: Model Total | B96: =model!B46 -> 318899 | C96: =model!C46 -> 2213 | D96: =model!D46 -> 49379 | E96: =model!E46 -> 2573 | F96: =model!F46 -> 3502 | G96: =model!G46 -> 15093 | H96: =model!H46 -> 14867 | I96: =model!I46 -> 2245 | ... AS96: =model!AS46 -> 3832
A99: Iter 1C | B99: Ada County | C99: Adams County | D99: Bannock County | E99: Bear Lake County | F99: Benewah County | G99: Bingham County | H99: Blaine County | I99: Boise County | J99: Bonner County | K99: Bonneville County | L99: Boundary County | M99: Butte County | N99: Camas County | O99: Canyon County | P99: Caribou County | Q99: Cassia County | R99: Clark County | S99: Clearwater County | T99: Custer County | U99: Elmore County | V99: Franklin County | W99: Fremont County | X99: Gem County | Y99: Gooding County | Z99: Idaho County | AA99: Jefferson County | AB99: Jerome County | AC99: Kootenai County | AD99: Latah County | AE99: Lemhi County | AF99: Lewis County | AG99: Lincoln County | AH99: Madison County | AI99: Minidoka County | AJ99: Nez Perce County | AK99: Oneida County | AL99: Owyhee County | AM99: Payette County | AN99: Power County | AO99: Shoshone County | AP99: Teton County | AQ99: Twin Falls County | AR99: Valley County | AS99: Washington County | AT99: ACS Total | AU99: Model Total
A100: Ada County | B100: =B51*(B$96/B$95) -> 221632.51 | C100: =C51*(C$96/C$95) -> 120.17861 | D100: =D51*(D$96/D$95) -> 993.61361 | E100: =E51*(E$96/E$95) -> 8.6885908 | F100: =F51*(F$96/F$95) -> 34.713856 | G100: =G51*(G$96/G$95) -> 163.26144 | H100: =H51*(H$96/H$95) -> 713.19025 | I100: =I51*(I$96/I$95) -> 414.10013 | ... AS100: =AS51*(AS$96/AS$95) -> 121.00827 | AT100: =SUM(B100:AS100) -> 265946.44 | AU100: =model!AT2 -> 274359
A101: Adams County | B101: =B52*(B$96/B$95) -> 370.94034 | C101: =C52*(C$96/C$95) -> 1298.2756 | D101: =D52*(D$96/D$95) -> 10.375175 | E101: =E52*(E$96/E$95) -> 0 | F101: =F52*(F$96/F$95) -> 0 | G101: =G52*(G$96/G$95) -> 0 | H101: =H52*(H$96/H$95) -> 11.203675 | I101: =I52*(I$96/I$95) -> 7.9290256 | ... AS101: =AS52*(AS$96/AS$95) -> 105.58335 | AT101: =SUM(B101:AS101) -> 2677.9125 | AU101: =model!AT3 -> 2471
A102: Bannock County | B102: =B53*(B$96/B$95) -> 1693.32 | C102: =C53*(C$96/C$95) -> 0 | D102: =D53*(D$96/D$95) -> 36399.912 | E102: =E53*(E$96/E$95) -> 71.270566 | F102: =F53*(F$96/F$95) -> 1.0187835 | G102: =G53*(G$96/G$95) -> 2295.5975 | H102: =H53*(H$96/H$95) -> 126.41197 | I102: =I53*(I$96/I$95) -> 0 | ... AS102: =AS53*(AS$96/AS$95) -> 6.7893552 | AT102: =SUM(B102:AS102) -> 52595.121 | AU102: =model!AT4 -> 49878
A103: Bear Lake County | B103: =B54*(B$96/B$95) -> 164.10459 | C103: =C54*(C$96/C$95) -> 0 | D103: =D54*(D$96/D$95) -> 151.76913 | E103: =E54*(E$96/E$95) -> 2231.3855 | F103: =F54*(F$96/F$95) -> 0 | G103: =G54*(G$96/G$95) -> 38.496615 | H103: =H54*(H$96/H$95) -> 14.007566 | I103: =I54*(I$96/I$95) -> 0 | ... AS103: =AS54*(AS$96/AS$95) -> 0 | AT103: =SUM(B103:AS103) -> 3490.1364 | AU103: =model!AT5 -> 3331
A104: Benewah County | B104: =B55*(B$96/B$95) -> 122.34273 | C104: =C55*(C$96/C$95) -> 2.0193454 | D104: =D55*(D$96/D$95) -> 19.064969 | E104: =E55*(E$96/E$95) -> 0 | F104: =F55*(F$96/F$95) -> 2389.0759 | G104: =G55*(G$96/G$95) -> 4.1148911 | H104: =H55*(H$96/H$95) -> 1.5596504 | I104: =I55*(I$96/I$95) -> 2.2075805 | ... AS104: =AS55*(AS$96/AS$95) -> 0 | AT104: =SUM(B104:AS104) -> 4009.7992 | AU104: =model!AT6 -> 4939
A105: Bingham County | B105: =B56*(B$96/B$95) -> 951.23464 | C105: =C56*(C$96/C$95) -> 0 | D105: =D56*(D$96/D$95) -> 2851.334 | E105: =E56*(E$96/E$95) -> 41.442409 | F105: =F56*(F$96/F$95) -> 1.9594844 | G105: =G56*(G$96/G$95) -> 9543.635 | H105: =H56*(H$96/H$95) -> 124.15422 | I105: =I56*(I$96/I$95) -> 0 | ... AS105: =AS56*(AS$96/AS$95) -> 2.6116707 | AT105: =SUM(B105:AS105) -> 28199.127 | AU105: =model!AT7 -> 25685
A106: Blaine County | B106: =B57*(B$96/B$95) -> 1028.4643 | C106: =C57*(C$96/C$95) -> 2.0202639 | D106: =D57*(D$96/D$95) -> 176.86467 | E106: =E57*(E$96/E$95) -> 1.9231189 | F106: =F57*(F$96/F$95) -> 0 | G106: =G57*(G$96/G$95) -> 42.539882 | H106: =H57*(H$96/H$95) -> 10090.847 | I106: =I57*(I$96/I$95) -> 8.8343387 | ... AS106: =AS57*(AS$96/AS$95) -> 7.8775817 | AT106: =SUM(B106:AS106) -> 13021.524 | AU106: =model!AT8 -> 13880
A107: Boise County | B107: =B58*(B$96/B$95) -> 2276.3992 | C107: =C58*(C$96/C$95) -> 11.744875 | D107: =D58*(D$96/D$95) -> 28.56136 | E107: =E58*(E$96/E$95) -> 0 | F107: =F58*(F$96/F$95) -> 0 | G107: =G58*(G$96/G$95) -> 5.3184321 | H107: =H58*(H$96/H$95) -> 31.749222 | I107: =I58*(I$96/I$95) -> 1455.1642 | ... AS107: =AS58*(AS$96/AS$95) -> 4.5796597 | AT107: =SUM(B107:AS107) -> 4715.3625 | AU107: =model!AT9 -> 4431
A108: Bonner County | B108: =B59*(B$96/B$95) -> 687.22191 | C108: =C59*(C$96/C$95) -> 0 | D108: =D59*(D$96/D$95) -> 67.986477 | E108: =E59*(E$96/E$95) -> 0 | F108: =F59*(F$96/F$95) -> 121.96756 | G108: =G59*(G$96/G$95) -> 8.4954007 | H108: =H59*(H$96/H$95) -> 35.419747 | I108: =I59*(I$96/I$95) -> 0 | ... AS108: =AS59*(AS$96/AS$95) -> 6.5025085 | AT108: =SUM(B108:AS108) -> 21966.955 | AU108: =model!AT10 -> 24539
A109: Bonneville County | B109: =B60*(B$96/B$95) -> 1266.4424 | C109: =C60*(C$96/C$95) -> 2.6648432 | D109: =D60*(D$96/D$95) -> 1635.3492 | E109: =E60*(E$96/E$95) -> 22.83033 | F109: =F60*(F$96/F$95) -> 0.51974292 | G109: =G60*(G$96/G$95) -> 1114.4068 | H109: =H60*(H$96/H$95) -> 102.91017 | I109: =I60*(I$96/I$95) -> 1.942166 | ... AS109: =AS60*(AS$96/AS$95) -> 2.7709277 | AT109: =SUM(B109:AS109) -> 54959.331 | AU109: =model!AT11 -> 37185
A110: Boundary County | B110: =B61*(B$96/B$95) -> 175.404 | C110: =C61*(C$96/C$95) -> 2.0266091 | D110: =D61*(D$96/D$95) -> 20.872959 | E110: =E61*(E$96/E$95) -> 0 | F110: =F61*(F$96/F$95) -> 14.229492 | G110: =G61*(G$96/G$95) -> 1.3765642 | H110: =H61*(H$96/H$95) -> 7.8263023 | I110: =I61*(I$96/I$95) -> 0 | ... AS110: =AS61*(AS$96/AS$95) -> 4.7413939 | AT110: =SUM(B110:AS110) -> 5572.3804 | AU110: =model!AT12 -> 6355
A111: Butte County | B111: =B62*(B$96/B$95) -> 63.831222 | C111: =C62*(C$96/C$95) -> 0 | D111: =D62*(D$96/D$95) -> 69.628834 | E111: =E62*(E$96/E$95) -> 1.9306091 | F111: =F62*(F$96/F$95) -> 1.1866824 | G111: =G62*(G$96/G$95) -> 44.083167 | H111: =H62*(H$96/H$95) -> 31.328742 | I111: =I62*(I$96/I$95) -> 0 | ... AS111: =AS62*(AS$96/AS$95) -> 1.5816527 | AT111: =SUM(B111:AS111) -> 1479.7192 | AU111: =model!AT13 -> 1448
... A143: Washington County | B143: =B94*(B$96/B$95) -> 877.4019 | C143: =C94*(C$96/C$95) -> 94.466916 | D143: =D94*(D$96/D$95) -> 40.539888 | E143: =E94*(E$96/E$95) -> 0 | F143: =F94*(F$96/F$95) -> 0 | G143: =G94*(G$96/G$95) -> 6.9745852 | H143: =H94*(H$96/H$95) -> 38.067099 | I143: =I94*(I$96/I$95) -> 2.2450595 | ... AS143: =AS94*(AS$96/AS$95) -> 2672.9636 | AT143: =SUM(B143:AS143) -> 5202.3949 | AU143: =model!AT45 -> 5477
A144: ACS Total | B144: =SUM(B100:B143) -> 318899 | C144: =SUM(C100:C143) -> 2213 | D144: =SUM(D100:D143) -> 49379 | E144: =SUM(E100:E143) -> 2573 | F144: =SUM(F100:F143) -> 3502 | G144: =SUM(G100:G143) -> 15093 | H144: =SUM(H100:H143) -> 14867 | I144: =SUM(I100:I143) -> 2245 | ... AS144: =SUM(AS100:AS143) -> 3832 | AT144: {=SQRT(AVERAGE((B100:AS143-B51:AS94)^2))/AVERAGE($B$2:$AS$45)} -> 1.4490194
A145: Model Total | B145: =model!B46 -> 318899 | C145: =model!C46 -> 2213 | D145: =model!D46 -> 49379 | E145: =model!E46 -> 2573 | F145: =model!F46 -> 3502 | G145: =model!G46 -> 15093 | H145: =model!H46 -> 14867 | I145: =model!I46 -> 2245 | ... AS145: =model!AS46 -> 3832
A148: Iter 2R | B148: Ada County | C148: Adams County | D148: Bannock County | E148: Bear Lake County | F148: Benewah County | G148: Bingham County | H148: Blaine County | I148: Boise County | J148: Bonner County | K148: Bonneville County | L148: Boundary County | M148: Butte County | N148: Camas County | O148: Canyon County | P148: Caribou County | Q148: Cassia County | R148: Clark County | S148: Clearwater County | T148: Custer County | U148: Elmore County | V148: Franklin County | W148: Fremont County | X148: Gem County | Y148: Gooding County | Z148: Idaho County | AA148: Jefferson County | AB148: Jerome County | AC148: Kootenai County | AD148: Latah County | AE148: Lemhi County | AF148: Lewis County | AG148: Lincoln County | AH148: Madison County | AI148: Minidoka County | AJ148: Nez Perce County | AK148: Oneida County | AL148: Owyhee County | AM148: Payette County | AN148: Power County | AO148: Shoshone County | AP148: Teton County | AQ148: Twin Falls County | AR148: Valley County | AS148: Washington County | AT148: ACS Total | AU148: Model Total
A149: Ada County | B149: =B100*($AU100/$AT100) -> 228643.3 | C149: =C100*($AU100/$AT100) -> 123.98016 | D149: =D100*($AU100/$AT100) -> 1025.0441 | E149: =E100*($AU100/$AT100) -> 8.9634328 | F149: =F100*($AU100/$AT100) -> 35.811943 | G149: =G100*($AU100/$AT100) -> 168.42582 | H149: =H100*($AU100/$AT100) -> 735.75025 | I149: =I100*($AU100/$AT100) -> 427.19916 | ... AS149: =AS100*($AU100/$AT100) -> 124.83606 | AT149: =SUM(B149:AS149) -> 274359 | AU149: =model!AT2 -> 274359
A150: Adams County | B150: =B101*($AU101/$AT101) -> 342.27915 | C150: =C101*($AU101/$AT101) -> 1197.9627 | D150: =D101*($AU101/$AT101) -> 9.5735233 | E150: =E101*($AU101/$AT101) -> 0 | F150: =F101*($AU101/$AT101) -> 0 | G150: =G101*($AU101/$AT101) -> 0 | H150: =H101*($AU101/$AT101) -> 10.338008 | I150: =I101*($AU101/$AT101) -> 7.3163789 | ... AS150: =AS101*($AU101/$AT101) -> 97.425315 | AT150: =SUM(B150:AS150) -> 2471 | AU150: =model!AT3 -> 2471
A151: Bannock County | B151: =B102*($AU102/$AT102) -> 1605.8412 | C151: =C102*($AU102/$AT102) -> 0 | D151: =D102*($AU102/$AT102) -> 34519.452 | E151: =E102*($AU102/$AT102) -> 67.58865 | F151: =F102*($AU102/$AT102) -> 0.96615205 | G151: =G102*($AU102/$AT102) -> 2177.0044 | H151: =H102*($AU102/$AT102) -> 119.88139 | I151: =I102*($AU102/$AT102) -> 0 | ... AS151: =AS102*($AU102/$AT102) -> 6.4386097 | AT151: =SUM(B151:AS151) -> 49878 | AU151: =model!AT4 -> 49878
A152: Bear Lake County | B152: =B103*($AU103/$AT103) -> 156.62207 | C152: =C103*($AU103/$AT103) -> 0 | D152: =D103*($AU103/$AT103) -> 144.84906 | E152: =E103*($AU103/$AT103) -> 2129.6432 | F152: =F103*($AU103/$AT103) -> 0 | G152: =G103*($AU103/$AT103) -> 36.741321 | H152: =H103*($AU103/$AT103) -> 13.368876 | I152: =I103*($AU103/$AT103) -> 0 | ... AS152: =AS103*($AU103/$AT103) -> 0 | AT152: =SUM(B152:AS152) -> 3331 | AU152: =model!AT5 -> 3331
A153: Benewah County | B153: =B104*($AU104/$AT104) -> 150.69352 | C153: =C104*($AU104/$AT104) -> 2.4872934 | D153: =D104*($AU104/$AT104) -> 23.482942 | E153: =E104*($AU104/$AT104) -> 0 | F153: =F104*($AU104/$AT104) -> 2942.7024 | G153: =G104*($AU104/$AT104) -> 5.0684451 | H153: =H104*($AU104/$AT104) -> 1.921072 | I153: =I104*($AU104/$AT104) -> 2.7191487 | ... AS153: =AS104*($AU104/$AT104) -> 0 | AT153: =SUM(B153:AS153) -> 4939 | AU153: =model!AT6 -> 4939
A154: Bingham County | B154: =B105*($AU105/$AT105) -> 866.42617 | C154: =C105*($AU105/$AT105) -> 0 | D154: =D105*($AU105/$AT105) -> 2597.1199 | E154: =E105*($AU105/$AT105) -> 37.747561 | F154: =F105*($AU105/$AT105) -> 1.7847842 | G154: =G105*($AU105/$AT105) -> 8692.7607 | H154: =H105*($AU105/$AT105) -> 113.0851 | I154: =I105*($AU105/$AT105) -> 0 | ... AS154: =AS105*($AU105/$AT105) -> 2.378824 | AT154: =SUM(B154:AS154) -> 25685 | AU154: =model!AT7 -> 25685
A155: Blaine County | B155: =B106*($AU106/$AT106) -> 1096.2684 | C155: =C106*($AU106/$AT106) -> 2.1534548 | D155: =D106*($AU106/$AT106) -> 188.52491 | E155: =E106*($AU106/$AT106) -> 2.0499052 | F155: =F106*($AU106/$AT106) -> 0 | G155: =G106*($AU106/$AT106) -> 45.344429 | H155: =H106*($AU106/$AT106) -> 10756.111 | I155: =I106*($AU106/$AT106) -> 9.4167643 | ... AS155: =AS106*($AU106/$AT106) -> 8.3969307 | AT155: =SUM(B155:AS155) -> 13880 | AU155: =model!AT8 -> 13880
A156: Boise County | B156: =B107*($AU107/$AT107) -> 2139.1197 | C156: =C107*($AU107/$AT107) -> 11.036594 | D156: =D107*($AU107/$AT107) -> 26.838951 | E156: =E107*($AU107/$AT107) -> 0 | F156: =F107*($AU107/$AT107) -> 0 | G156: =G107*($AU107/$AT107) -> 4.9977012 | H156: =H107*($AU107/$AT107) -> 29.834567 | I156: =I107*($AU107/$AT107) -> 1367.4098 | ... AS156: =AS107*($AU107/$AT107) -> 4.3034808 | AT156: =SUM(B156:AS156) -> 4431 | AU156: =model!AT9 -> 4431
A157: Bonner County | B157: =B108*($AU108/$AT108) -> 767.68667 | C157: =C108*($AU108/$AT108) -> 0 | D157: =D108*($AU108/$AT108) -> 75.94681 | E157: =E108*($AU108/$AT108) -> 0 | F157: =F108*($AU108/$AT108) -> 136.24837 | G157: =G108*($AU108/$AT108) -> 9.4901017 | H157: =H108*($AU108/$AT108) -> 39.566939 | I157: =I108*($AU108/$AT108) -> 0 | ... AS157: =AS108*($AU108/$AT108) -> 7.2638677 | AT157: =SUM(B157:AS157) -> 24539 | AU157: =model!AT10 -> 24539
A158: Bonneville County | B158: =B109*($AU109/$AT109) -> 856.86376 | C158: =C109*($AU109/$AT109) -> 1.8030094 | D158: =D109*($AU109/$AT109) -> 1106.4629 | E158: =E109*($AU109/$AT109) -> 15.4468 | F158: =F109*($AU109/$AT109) -> 0.35165348 | G158: =G109*($AU109/$AT109) -> 753.99787 | H158: =H109*($AU109/$AT109) -> 69.628115 | I158: =I109*($AU109/$AT109) -> 1.3140524 | ... AS158: =AS109*($AU109/$AT109) -> 1.8747853 | AT158: =SUM(B158:AS158) -> 37185 | AU158: =model!AT11 -> 37185
A159: Boundary County | B159: =B110*($AU110/$AT110) -> 200.03883 | C159: =C110*($AU110/$AT110) -> 2.3112386 | D159: =D110*($AU110/$AT110) -> 23.804487 | E159: =E110*($AU110/$AT110) -> 0 | F159: =F110*($AU110/$AT110) -> 16.22797 | G159: =G110*($AU110/$AT110) -> 1.5698974 | H159: =H110*($AU110/$AT110) -> 8.9254767 | I159: =I110*($AU110/$AT110) -> 0 | ... AS159: =AS110*($AU110/$AT110) -> 5.4073046 | AT159: =SUM(B159:AS159) -> 6355 | AU159: =model!AT12 -> 6355
A160: Butte County | B160: =B111*($AU111/$AT111) -> 62.462939 | C160: =C111*($AU111/$AT111) -> 0 | D160: =D111*($AU111/$AT111) -> 68.136274 | E160: =E111*($AU111/$AT111) -> 1.8892247 | F160: =F111*($AU111/$AT111) -> 1.1612448 | G160: =G111*($AU111/$AT111) -> 43.138202 | H160: =H111*($AU111/$AT111) -> 30.657181 | I160: =I111*($AU111/$AT111) -> 0 | ... AS160: =AS111*($AU111/$AT111) -> 1.5477485 | AT160: =SUM(B160:AS160) -> 1448 | AU160: =model!AT13 -> 1448
... A192: Washington County | B192: =B143*($AU143/$AT143) -> 923.71499 | C192: =C143*($AU143/$AT143) -> 99.453291 | D192: =D143*($AU143/$AT143) -> 42.67976 | E192: =E143*($AU143/$AT143) -> 0 | F192: =F143*($AU143/$AT143) -> 0 | G192: =G143*($AU143/$AT143) -> 7.3427342 | H192: =H143*($AU143/$AT143) -> 40.076446 | I192: =I143*($AU143/$AT143) -> 2.3635635 | ... AS192: =AS143*($AU143/$AT143) -> 2814.0542 | AT192: =SUM(B192:AS192) -> 5477 | AU192: =model!AT45 -> 5477
A193: ACS Total | B193: =SUM(B149:B192) -> 325658.75 | C193: =SUM(C149:C192) -> 2120.3459 | D193: =SUM(D149:D192) -> 47617.021 | E193: =SUM(E149:E192) -> 2491.9089 | F193: =SUM(F149:F192) -> 4024.9023 | G193: =SUM(G149:G192) -> 13921.393 | H193: =SUM(H149:H192) -> 15933.217 | I193: =SUM(I149:I192) -> 2168.7549 | ... AS193: =SUM(AS149:AS192) -> 4029.2591 | AT193: {=SQRT(AVERAGE((B149:AS192-B100:AS143)^2))/AVERAGE($B$2:$AS$45)} -> 1.0303079
A194: Model Total | B194: =model!B46 -> 318899 | C194: =model!C46 -> 2213 | D194: =model!D46 -> 49379 | E194: =model!E46 -> 2573 | F194: =model!F46 -> 3502 | G194: =model!G46 -> 15093 | H194: =model!H46 -> 14867 | I194: =model!I46 -> 2245 | ... AS194: =model!AS46 -> 3832
A197: Iter 2C | B197: Ada County | C197: Adams County | D197: Bannock County | E197: Bear Lake County | F197: Benewah County | G197: Bingham County | H197: Blaine County | I197: Boise County | J197: Bonner County | K197: Bonneville County | L197: Boundary County | M197: Butte County | N197: Camas County | O197: Canyon County | P197: Caribou County | Q197: Cassia County | R197: Clark County | S197: Clearwater County | T197: Custer County | U197: Elmore County | V197: Franklin County | W197: Fremont County | X197: Gem County | Y197: Gooding County | Z197: Idaho County | AA197: Jefferson County | AB197: Jerome County | AC197: Kootenai County | AD197: Latah County | AE197: Lemhi County | AF197: Lewis County | AG197: Lincoln County | AH197: Madison County | AI197: Minidoka County | AJ197: Nez Perce County | AK197: Oneida County | AL197: Owyhee County | AM197: Payette County | AN197: Power County | AO197: Shoshone County | AP197: Teton County | AQ197: Twin Falls County | AR197: Valley County | AS197: Washington County | AT197: ACS Total | AU197: Model Total
A198: Ada County | B198: =B149*(B$194/B$193) -> 223897.32 | C198: {=C149*(C$194/C$193)} -> 129.3978 | D198: {=D149*(D$194/D$193)} -> 1062.974 | E198: {=E149*(E$194/E$193)} -> 9.2551186 | F198: {=F149*(F$194/F$193)} -> 31.159371 | G198: {=G149*(G$194/G$193)} -> 182.60032 | H198: {=H149*(H$194/H$193)} -> 686.5154 | I198: {=I149*(I$194/I$193)} -> 442.21785 | J198: {=J149*(J$194/J$193)} -> 151.84086 | ... AS198: {=AS149*(AS$194/AS$193)} -> 118.72451 | AT198: =SUM(B198:AS198) -> 270112.45 | AU198: =model!AT2 -> 274359
A199: Adams County | B199: {=B150*(B$194/B$193)} -> 335.17441 | C199: {=C150*(C$194/C$193)} -> 1250.3108 | D199: {=D150*(D$194/D$193)} -> 9.9277737 | E199: {=E150*(E$194/E$193)} -> 0 | F199: {=F150*(F$194/F$193)} -> 0 | G199: {=G150*(G$194/G$193)} -> 0 | H199: {=H150*(H$194/H$193)} -> 9.6462105 | I199: {=I150*(I$194/I$193)} -> 7.5735948 | ... AS199: {=AS150*(AS$194/AS$193)} -> 92.655696 | AT199: =SUM(B199:AS199) -> 2509.2399 | AU199: =model!AT3 -> 2471
A200: Bannock County | B200: {=B151*(B$194/B$193)} -> 1572.5086 | C200: {=C151*(C$194/C$193)} -> 0 | D200: {=D151*(D$194/D$193)} -> 35796.78 | E200: {=E151*(E$194/E$193)} -> 69.788104 | F200: {=F151*(F$194/F$193)} -> 0.8406327 | G200: {=G151*(G$194/G$193)} -> 2360.2183 | H200: {=H151*(H$194/H$193)} -> 111.85918 | I200: {=I151*(I$194/I$193)} -> 0 | ... AS200: {=AS151*(AS$194/AS$193)} -> 6.1233969 | AT200: =SUM(B200:AS200) -> 52621.681 | AU200: =model!AT4 -> 49878
A201: Bear Lake County | B201: {=B152*(B$194/B$193)} -> 153.37104 | C201: {=C152*(C$194/C$193)} -> 0 | D201: {=D152*(D$194/D$193)} -> 150.20893 | E201: {=E152*(E$194/E$193)} -> 2198.9455 | F201: {=F152*(F$194/F$193)} -> 0 | G201: {=G152*(G$194/G$193)} -> 39.833424 | H201: {=H152*(H$194/H$193)} -> 12.474259 | I201: {=I152*(I$194/I$193)} -> 0 | ... AS201: {=AS152*(AS$194/AS$193)} -> 0 | AT201: =SUM(B201:AS201) -> 3380.5089 | AU201: =model!AT5 -> 3331
...

Sheet LODES IPF
A1: ='IPF LODES to ASIM'!A834 -> Iter 9R | B1: ='IPF LODES to ASIM'!B834 -> Ada County | C1: ='IPF LODES to ASIM'!C834 -> Adams County | D1: ='IPF LODES to ASIM'!D834 -> Bannock County | E1: ='IPF LODES to ASIM'!E834 -> Bear Lake County | F1: ='IPF LODES to ASIM'!F834 -> Benewah County | G1: ='IPF LODES to ASIM'!G834 -> Bingham County | H1: ='IPF LODES to ASIM'!H834 -> Blaine County | ... AT1: ='IPF LODES to ASIM'!AT834 -> ACS Total
A2: ='IPF LODES to ASIM'!A835 -> Ada County | B2: ='IPF LODES to ASIM'!B835 -> 225549.68 | C2: ='IPF LODES to ASIM'!C835 -> 133.86597 | D2: ='IPF LODES to ASIM'!D835 -> 1337.5277 | E2: ='IPF LODES to ASIM'!E835 -> 10.596244 | F2: ='IPF LODES to ASIM'!F835 -> 33.072196 | G2: ='IPF LODES to ASIM'!G835 -> 253.06529 | H2: ='IPF LODES to ASIM'!H835 -> 616.36949 | ... AT2: ='IPF LODES to ASIM'!AT835 -> 274359
A3: ='IPF LODES to ASIM'!A836 -> Adams County | B3: ='IPF LODES to ASIM'!B836 -> 323.78535 | C3: ='IPF LODES to ASIM'!C836 -> 1240.3788 | D3: ='IPF LODES to ASIM'!D836 -> 11.979124 | E3: ='IPF LODES to ASIM'!E836 -> 0 | F3: ='IPF LODES to ASIM'!F836 -> 0 | G3: ='IPF LODES to ASIM'!G836 -> 0 | H3: ='IPF LODES to ASIM'!H836 -> 8.3050188 | ... AT3: ='IPF LODES to ASIM'!AT836 -> 2471
A4: ='IPF LODES to ASIM'!A837 -> Bannock County | B4: ='IPF LODES to ASIM'!B837 -> 1185.6015 | C4: ='IPF LODES to ASIM'!C837 -> 0 | D4: ='IPF LODES to ASIM'!D837 -> 33711.381 | E4: ='IPF LODES to ASIM'!E837 -> 59.800359 | F4: ='IPF LODES to ASIM'!F837 -> 0.66777944 | G4: ='IPF LODES to ASIM'!G837 -> 2448.1366 | H4: ='IPF LODES to ASIM'!H837 -> 75.16487 | ... AT4: ='IPF LODES to ASIM'!AT837 -> 49878
A5: ='IPF LODES to ASIM'!A838 -> Bear Lake County | B5: ='IPF LODES to ASIM'!B838 -> 132.6468 | C5: ='IPF LODES to ASIM'!C838 -> 0 | D5: ='IPF LODES to ASIM'!D838 -> 162.26918 | E5: ='IPF LODES to ASIM'!E838 -> 2161.4468 | F5: ='IPF LODES to ASIM'!F838 -> 0 | G5: ='IPF LODES to ASIM'!G838 -> 47.395684 | H5: ='IPF LODES to ASIM'!H838 -> 9.6153638 | ... AT5: ='IPF LODES to ASIM'!AT838 -> 3331
A6: ='IPF LODES to ASIM'!A839 -> Benewah County | B6: ='IPF LODES to ASIM'!B839 -> 143.18898 | C6: ='IPF LODES to ASIM'!C839 -> 2.5868802 | D6: ='IPF LODES to ASIM'!D839 -> 29.515084 | E6: ='IPF LODES to ASIM'!E839 -> 0 | F6: ='IPF LODES to ASIM'!F839 -> 2617.6573 | G6: ='IPF LODES to ASIM'!G839 -> 7.3355039 | H6: ='IPF LODES to ASIM'!H839 -> 1.5501926 | ... AT6: ='IPF LODES to ASIM'!AT839 -> 4939
A7: ='IPF LODES to ASIM'!A840 -> Bingham County | B7: ='IPF LODES to ASIM'!B840 -> 567.45643 | C7: ='IPF LODES to ASIM'!C840 -> 0 | D7: ='IPF LODES to ASIM'!D840 -> 2249.9324 | E7: ='IPF LODES to ASIM'!E840 -> 29.626731 | F7: ='IPF LODES to ASIM'!F840 -> 1.0943043 | G7: ='IPF LODES to ASIM'!G840 -> 8671.5929 | H7: ='IPF LODES to ASIM'!H840 -> 62.897494 | ... AT7: ='IPF LODES to ASIM'!AT840 -> 25685
A8: ='IPF LODES to ASIM'!A841 -> Blaine County | B8: ='IPF LODES to ASIM'!B841 -> 1224.9517 | C8: ='IPF LODES to ASIM'!C841 -> 2.6337355 | D8: ='IPF LODES to ASIM'!D841 -> 278.64249 | E8: ='IPF LODES to ASIM'!E841 -> 2.7449204 | F8: ='IPF LODES to ASIM'!F841 -> 0 | G8: ='IPF LODES to ASIM'!G841 -> 77.173149 | H8: ='IPF LODES to ASIM'!H841 -> 10206.676 | ... AT8: ='IPF LODES to ASIM'!AT841 -> 13880
A9: ='IPF LODES to ASIM'!A842 -> Boise County | B9: ='IPF LODES to ASIM'!B842 -> 2068.1059 | C9: ='IPF LODES to ASIM'!C842 -> 11.679037 | D9: ='IPF LODES to ASIM'!D842 -> 34.322565 | E9: ='IPF LODES to ASIM'!E842 -> 0 | F9: ='IPF LODES to ASIM'!F842 -> 0 | G9: ='IPF LODES to ASIM'!G842 -> 7.3594976 | H9: ='IPF LODES to ASIM'!H842 -> 24.495393 | ... AT9: ='IPF LODES to ASIM'!AT842 -> 4431
A10: ='IPF LODES to ASIM'!A843 -> Bonner County | B10: ='IPF LODES to ASIM'!B843 -> 705.98835 | C10: ='IPF LODES to ASIM'!C843 -> 0 | D10: ='IPF LODES to ASIM'!D843 -> 92.384601 | E10: ='IPF LODES to ASIM'!E843 -> 0 | F10: ='IPF LODES to ASIM'!F843 -> 117.29953 | G10: ='IPF LODES to ASIM'!G843 -> 13.293049 | H10: ='IPF LODES to ASIM'!H843 -> 30.901031 | ... AT10: ='IPF LODES to ASIM'!AT843 -> 24539
A11: ='IPF LODES to ASIM'!A844 -> Bonneville County | B11: ='IPF LODES to ASIM'!B844 -> 526.50679 | C11: ='IPF LODES to ASIM'!C844 -> 1.2126193 | D11: ='IPF LODES to ASIM'!D844 -> 899.30199 | E11: ='IPF LODES to ASIM'!E844 -> 11.374298 | F11: ='IPF LODES to ASIM'!F844 -> 0.20228261 | G11: ='IPF LODES to ASIM'!G844 -> 705.67139 | H11: ='IPF LODES to ASIM'!H844 -> 36.333214 | ... AT11: ='IPF LODES to ASIM'!AT844 -> 37185
A12: ='IPF LODES to ASIM'!A845 -> Boundary County | B12: ='IPF LODES to ASIM'!B845 -> 204.6633 | C12: ='IPF LODES to ASIM'!C845 -> 2.5882412 | D12: ='IPF LODES to ASIM'!D845 -> 32.215214 | E12: ='IPF LODES to ASIM'!E845 -> 0 | F12: ='IPF LODES to ASIM'!F845 -> 15.543231 | G12: ='IPF LODES to ASIM'!G845 -> 2.4464544 | H12: ='IPF LODES to ASIM'!H845 -> 7.7550407 | ... AT12: ='IPF LODES to ASIM'!AT845 -> 6355
... A46: ='IPF LODES to ASIM'!A879 -> ACS Total | B46: ='IPF LODES to ASIM'!B879 -> 320736.96 | C46: ='IPF LODES to ASIM'!C879 -> 2225.9 | D46: ='IPF LODES to ASIM'!D879 -> 48905.896 | E46: ='IPF LODES to ASIM'!E879 -> 2547.434 | F46: ='IPF LODES to ASIM'!F879 -> 3473.1056 | G46: ='IPF LODES to ASIM'!G879 -> 14921.74 | H46: ='IPF LODES to ASIM'!H879 -> 14969.38 | ... AT46: ='IPF LODES to ASIM'!AT879 -> 0.093244255

Sheet Difference (LODES IPF-model)
B1: ='IPF ACS to ASIM'!B834 -> Ada County | C1: ='IPF ACS to ASIM'!C834 -> Adams County | D1: ='IPF ACS to ASIM'!D834 -> Bannock County | E1: ='IPF ACS to ASIM'!E834 -> Bear Lake County | F1: ='IPF ACS to ASIM'!F834 -> Benewah County | G1: ='IPF ACS to ASIM'!G834 -> Bingham County | H1: ='IPF ACS to ASIM'!H834 -> Blaine County | I1: ='IPF ACS to ASIM'!I834 -> Boise County | ... AS1: ='IPF ACS to ASIM'!AS834 -> Washington County | AT1: Total
A2: ='IPF ACS to ASIM'!A835 -> Ada County | B2: ='LODES IPF'!B2-model!B2 -> -34700.321 | C2: ='LODES IPF'!C2-model!C2 -> 132.86597 | D2: ='LODES IPF'!D2-model!D2 -> 1270.5277 | E2: ='LODES IPF'!E2-model!E2 -> 10.596244 | F2: ='LODES IPF'!F2-model!F2 -> 33.072196 | G2: ='LODES IPF'!G2-model!G2 -> 245.06529 | H2: ='LODES IPF'!H2-model!H2 -> 562.36949 | I2: ='LODES IPF'!I2-model!I2 -> 423.82568 | ... AT2: ='LODES IPF'!AT2-model!AT2 -> 0
A3: ='IPF ACS to ASIM'!A836 -> Adams County | B3: ='LODES IPF'!B3-model!B3 -> 197.78535 | C3: ='LODES IPF'!C3-model!C3 -> -937.62121 | D3: ='LODES IPF'!D3-model!D3 -> 11.979124 | E3: ='LODES IPF'!E3-model!E3 -> 0 | F3: ='LODES IPF'!F3-model!F3 -> 0 | G3: ='LODES IPF'!G3-model!G3 -> 0 | H3: ='LODES IPF'!H3-model!H3 -> 8.3050188 | I3: ='LODES IPF'!I3-model!I3 -> 7.4040183 | ... AT3: ='LODES IPF'!AT3-model!AT3 -> 0
A4: ='IPF ACS to ASIM'!A837 -> Bannock County | B4: ='LODES IPF'!B4-model!B4 -> 1176.6015 | C4: ='LODES IPF'!C4-model!C4 -> 0 | D4: ='LODES IPF'!D4-model!D4 -> -1912.6187 | E4: ='LODES IPF'!E4-model!E4 -> 58.800359 | F4: ='LODES IPF'!F4-model!F4 -> 0.66777944 | G4: ='LODES IPF'!G4-model!G4 -> 1665.1366 | H4: ='LODES IPF'!H4-model!H4 -> 66.16487 | I4: ='LODES IPF'!I4-model!I4 -> 0 | ... AT4: ='LODES IPF'!AT4-model!AT4 -> 0
A5: ='IPF ACS to ASIM'!A838 -> Bear Lake County | B5: ='LODES IPF'!B5-model!B5 -> 130.6468 | C5: ='LODES IPF'!C5-model!C5 -> 0 | D5: ='LODES IPF'!D5-model!D5 -> -50.730824 | E5: ='LODES IPF'!E5-model!E5 -> -398.55321 | F5: ='LODES IPF'!F5-model!F5 -> 0 | G5: ='LODES IPF'!G5-model!G5 -> 21.395684 | H5: ='LODES IPF'!H5-model!H5 -> 9.6153638 | I5: ='LODES IPF'!I5-model!I5 -> 0 | ... AT5: ='LODES IPF'!AT5-model!AT5 -> 0
A6: ='IPF ACS to ASIM'!A839 -> Benewah County | B6: ='LODES IPF'!B6-model!B6 -> 143.18898 | C6: ='LODES IPF'!C6-model!C6 -> 2.5868802 | D6: ='LODES IPF'!D6-model!D6 -> 29.515084 | E6: ='LODES IPF'!E6-model!E6 -> 0 | F6: ='LODES IPF'!F6-model!F6 -> -467.34271 | G6: ='LODES IPF'!G6-model!G6 -> 7.3355039 | H6: ='LODES IPF'!H6-model!H6 -> 1.5501926 | I6: ='LODES IPF'!I6-model!I6 -> 2.7640284 | ... AT6: ='LODES IPF'!AT6-model!AT6 -> 0
A7: ='IPF ACS to ASIM'!A840 -> Bingham County | B7: ='LODES IPF'!B7-model!B7 -> 567.45643 | C7: ='LODES IPF'!C7-model!C7 -> 0 | D7: ='LODES IPF'!D7-model!D7 -> 552.93241 | E7: ='LODES IPF'!E7-model!E7 -> 29.626731 | F7: ='LODES IPF'!F7-model!F7 -> 1.0943043 | G7: ='LODES IPF'!G7-model!G7 -> -4045.4071 | H7: ='LODES IPF'!H7-model!H7 -> 57.897494 | I7: ='LODES IPF'!I7-model!I7 -> 0 | ... AT7: ='LODES IPF'!AT7-model!AT7 -> 0
A8: ='IPF ACS to ASIM'!A841 -> Blaine County | B8: ='LODES IPF'!B8-model!B8 -> 1207.9517 | C8: ='LODES IPF'!C8-model!C8 -> 2.6337355 | D8: ='LODES IPF'!D8-model!D8 -> 242.64249 | E8: ='LODES IPF'!E8-model!E8 -> 2.7449204 | F8: ='LODES IPF'!F8-model!F8 -> 0 | G8: ='LODES IPF'!G8-model!G8 -> 58.173149 | H8: ='LODES IPF'!H8-model!H8 -> -3028.3237 | I8: ='LODES IPF'!I8-model!I8 -> 11.256369 | ... AT8: ='LODES IPF'!AT8-model!AT8 -> 0
A9: ='IPF ACS to ASIM'!A842 -> Boise County | B9: ='LODES IPF'!B9-model!B9 -> 321.10591 | C9: ='LODES IPF'!C9-model!C9 -> 11.679037 | D9: ='LODES IPF'!D9-model!D9 -> 29.322565 | E9: ='LODES IPF'!E9-model!E9 -> 0 | F9: ='LODES IPF'!F9-model!F9 -> 0 | G9: ='LODES IPF'!G9-model!G9 -> 7.3594976 | H9: ='LODES IPF'!H9-model!H9 -> 20.495393 | I9: ='LODES IPF'!I9-model!I9 -> -746.73467 | ... AT9: ='LODES IPF'!AT9-model!AT9 -> 0
A10: ='IPF ACS to ASIM'!A843 -> Bonner County | B10: ='LODES IPF'!B10-model!B10 -> 705.98835 | C10: ='LODES IPF'!C10-model!C10 -> 0 | D10: ='LODES IPF'!D10-model!D10 -> 92.384601 | E10: ='LODES IPF'!E10-model!E10 -> 0 | F10: ='LODES IPF'!F10-model!F10 -> 77.299533 | G10: ='LODES IPF'!G10-model!G10 -> 13.293049 | H10: ='LODES IPF'!H10-model!H10 -> 30.901031 | I10: ='LODES IPF'!I10-model!I10 -> 0 | ... AT10: ='LODES IPF'!AT10-model!AT10 -> 0
A11: ='IPF ACS to ASIM'!A844 -> Bonneville County | B11: ='LODES IPF'!B11-model!B11 -> 524.50679 | C11: ='LODES IPF'!C11-model!C11 -> 1.2126193 | D11: ='LODES IPF'!D11-model!D11 -> 313.30199 | E11: ='LODES IPF'!E11-model!E11 -> 11.374298 | F11: ='LODES IPF'!F11-model!F11 -> 0.20228261 | G11: ='LODES IPF'!G11-model!G11 -> 480.67139 | H11: ='LODES IPF'!H11-model!H11 -> 36.333214 | I11: ='LODES IPF'!I11-model!I11 -> 0.86377259 | ... AT11: ='LODES IPF'!AT11-model!AT11 -> 0
A12: ='IPF ACS to ASIM'!A845 -> Boundary County | B12: ='LODES IPF'!B12-model!B12 -> 204.6633 | C12: ='LODES IPF'!C12-model!C12 -> 2.5882412 | D12: ='LODES IPF'!D12-model!D12 -> 32.215214 | E12: ='LODES IPF'!E12-model!E12 -> 0 | F12: ='LODES IPF'!F12-model!F12 -> -5.4567686 | G12: ='LODES IPF'!G12-model!G12 -> 2.4464544 | H12: ='LODES IPF'!H12-model!H12 -> 7.7550407 | I12: ='LODES IPF'!I12-model!I12 -> 0 | ... AT12: ='LODES IPF'!AT12-model!AT12 -> 0
A13: ='IPF ACS to ASIM'!A846 -> Butte County | B13: ='LODES IPF'!B13-model!B13 -> 40.674748 | C13: ='LODES IPF'!C13-model!C13 -> 0 | D13: ='LODES IPF'!D13-model!D13 -> -17.539364 | E13: ='LODES IPF'!E13-model!E13 -> 1.6192622 | F13: ='LODES IPF'!F13-model!F13 -> 0.77752594 | G13: ='LODES IPF'!G13-model!G13 -> 17.993948 | H13: ='LODES IPF'!H13-model!H13 -> 7.6208241 | I13: ='LODES IPF'!I13-model!I13 -> 0 | ... AT13: ='LODES IPF'!AT13-model!AT13 -> 0
... A45: ='IPF ACS to ASIM'!A878 -> Washington County | B45: ='LODES IPF'!B45-model!B45 -> -104.52074 | C45: ='LODES IPF'!C45-model!C45 -> 106.6568 | D45: ='LODES IPF'!D45-model!D45 -> 56.906884 | E45: ='LODES IPF'!E45-model!E45 -> 0 | F45: ='LODES IPF'!F45-model!F45 -> 0 | G45: ='LODES IPF'!G45-model!G45 -> 11.471751 | H45: ='LODES IPF'!H45-model!H45 -> 31.909844 | I45: ='LODES IPF'!I45-model!I45 -> 0.59354343 | ... AT45: ='LODES IPF'!AT45-model!AT45 -> 0
A46: Total | B46: ='LODES IPF'!B46-model!B46 -> 1837.9641 | C46: ='LODES IPF'!C46-model!C46 -> 12.899973 | D46: ='LODES IPF'!D46-model!D46 -> -473.10392 | E46: ='LODES IPF'!E46-model!E46 -> -25.566034 | F46: ='LODES IPF'!F46-model!F46 -> -28.894435 | G46: ='LODES IPF'!G46-model!G46 -> -171.26032 | H46: ='LODES IPF'!H46-model!H46 -> 102.38016 | I46: ='LODES IPF'!I46-model!I46 -> 13.525237 | ... AS46: ='LODES IPF'!AS46-model!AS46 -> 24.145172
A48: Observed Totals | B48: ='LODES IPF'!B46 -> 320736.96 | C48: ='LODES IPF'!C46 -> 2225.9 | D48: ='LODES IPF'!D46 -> 48905.896 | E48: ='LODES IPF'!E46 -> 2547.434 | F48: ='LODES IPF'!F46 -> 3473.1056 | G48: ='LODES IPF'!G46 -> 14921.74 | H48: ='LODES IPF'!H46 -> 14969.38 | I48: ='LODES IPF'!I46 -> 2258.5252 | ... AT48: ='LODES IPF'!AT46 -> 0.093244255
A49: Model Totals | B49: =model!B46 -> 318899 | C49: =model!C46 -> 2213 | D49: =model!D46 -> 49379 | E49: =model!E46 -> 2573 | F49: =model!F46 -> 3502 | G49: =model!G46 -> 15093 | H49: =model!H46 -> 14867 | I49: =model!I46 -> 2245 | ... AS49: =model!AS46 -> 3832
A51: Percent Diff | B51: Ada County | C51: Adams County | D51: Bannock County | E51: Bear Lake County | F51: Benewah County | G51: Bingham County | H51: Blaine County | I51: Boise County | J51: Bonner County | K51: Bonneville County | L51: Boundary County | M51: Butte County | N51: Camas County | O51: Canyon County | P51: Caribou County | Q51: Cassia County | R51: Clark County | S51: Clearwater County | T51: Custer County | U51: Elmore County | V51: Franklin County | W51: Fremont County | X51: Gem County | Y51: Gooding County | Z51: Idaho County | AA51: Jefferson County | AB51: Jerome County | AC51: Kootenai County | AD51: Latah County | AE51: Lemhi County | AF51: Lewis County | AG51: Lincoln County | AH51: Madison County | AI51: Minidoka County | AJ51: Nez Perce County | AK51: Oneida County | AL51: Owyhee County | AM51: Payette County | AN51: Power County | AO51: Shoshone County | AP51: Teton County | AQ51: Twin Falls County | AR51: Valley County | AS51: Washington County | AT51: Total
A52: Ada County | B52: =IF('LODES IPF'!B2>0,B2/'LODES IPF'!B2,"") -> -0.1538478 | C52: =IF('LODES IPF'!C2>0,C2/'LODES IPF'!C2,"") -> 0.99252984 | D52: =IF('LODES IPF'!D2>0,D2/'LODES IPF'!D2,"") -> 0.94990758 | E52: =IF('LODES IPF'!E2>0,E2/'LODES IPF'!E2,"") -> 1 | F52: =IF('LODES IPF'!F2>0,F2/'LODES IPF'!F2,"") -> 1 | G52: =IF('LODES IPF'!G2>0,G2/'LODES IPF'!G2,"") -> 0.9683876 | H52: =IF('LODES IPF'!H2>0,H2/'LODES IPF'!H2,"") -> 0.91239021 | I52: =IF('LODES IPF'!I2>0,I2/'LODES IPF'!I2,"") -> 0.94010989 | ... AS52: =IF('LODES IPF'!AS2>0,AS2/'LODES IPF'!AS2,"") -> 0.57596241 | AT52: =IF('Obs IPF'!AT2>0,AT2/'Obs IPF'!AT2,"") -> 0
A53: Adams County | B53: =IF('LODES IPF'!B3>0,B3/'LODES IPF'!B3,"") -> 0.61085331 | C53: =IF('LODES IPF'!C3>0,C3/'LODES IPF'!C3,"") -> -0.75591523 | D53: =IF('LODES IPF'!D3>0,D3/'LODES IPF'!D3,"") -> 1 | E53: =IF('LODES IPF'!E3>0,E3/'LODES IPF'!E3,"") | F53: =IF('LODES IPF'!F3>0,F3/'LODES IPF'!F3,"") | G53: =IF('LODES IPF'!G3>0,G3/'LODES IPF'!G3,"") | H53: =IF('LODES IPF'!H3>0,H3/'LODES IPF'!H3,"") -> 1 | I53: =IF('LODES IPF'!I3>0,I3/'LODES IPF'!I3,"") -> 1 | ... AS53: =IF('LODES IPF'!AS3>0,AS3/'LODES IPF'!AS3,"") -> 0.76873309 | AT53: =IF('Obs IPF'!AT3>0,AT3/'Obs IPF'!AT3,"") -> 0
A54: Bannock County | B54: =IF('LODES IPF'!B4>0,B4/'LODES IPF'!B4,"") -> 0.99240892 | C54: =IF('LODES IPF'!C4>0,C4/'LODES IPF'!C4,"") | D54: =IF('LODES IPF'!D4>0,D4/'LODES IPF'!D4,"") -> -0.056735104 | E54: =IF('LODES IPF'!E4>0,E4/'LODES IPF'!E4,"") -> 0.98327769 | F54: =IF('LODES IPF'!F4>0,F4/'LODES IPF'!F4,"") -> 1 | G54: =IF('LODES IPF'!G4>0,G4/'LODES IPF'!G4,"") -> 0.6801649 | H54: =IF('LODES IPF'!H4>0,H4/'LODES IPF'!H4,"") -> 0.88026321 | I54: =IF('LODES IPF'!I4>0,I4/'LODES IPF'!I4,"") | ... AS54: =IF('LODES IPF'!AS4>0,AS4/'LODES IPF'!AS4,"") -> 1 | AT54: =IF('Obs IPF'!AT4>0,AT4/'Obs IPF'!AT4,"") -> 0
A55: Bear Lake County | B55: =IF('LODES IPF'!B5>0,B5/'LODES IPF'!B5,"") -> 0.98492237 | C55: =IF('LODES IPF'!C5>0,C5/'LODES IPF'!C5,"") | D55: =IF('LODES IPF'!D5>0,D5/'LODES IPF'!D5,"") -> -0.31263377 | E55: =IF('LODES IPF'!E5>0,E5/'LODES IPF'!E5,"") -> -0.18439187 | F55: =IF('LODES IPF'!F5>0,F5/'LODES IPF'!F5,"") | G55: =IF('LODES IPF'!G5>0,G5/'LODES IPF'!G5,"") -> 0.45142684 | H55: =IF('LODES IPF'!H5>0,H5/'LODES IPF'!H5,"") -> 1 | I55: =IF('LODES IPF'!I5>0,I5/'LODES IPF'!I5,"") | ... AS55: =IF('LODES IPF'!AS5>0,AS5/'LODES IPF'!AS5,"") | AT55: =IF('Obs IPF'!AT5>0,AT5/'Obs IPF'!AT5,"") -> 0
A56: Benewah County | B56: =IF('LODES IPF'!B6>0,B6/'LODES IPF'!B6,"") -> 1 | C56: =IF('LODES IPF'!C6>0,C6/'LODES IPF'!C6,"") -> 1 | D56: =IF('LODES IPF'!D6>0,D6/'LODES IPF'!D6,"") -> 1 | E56: =IF('LODES IPF'!E6>0,E6/'LODES IPF'!E6,"") | F56: =IF('LODES IPF'!F6>0,F6/'LODES IPF'!F6,"") -> -0.17853472 | G56: =IF('LODES IPF'!G6>0,G6/'LODES IPF'!G6,"") -> 1 | H56: =IF('LODES IPF'!H6>0,H6/'LODES IPF'!H6,"") -> 1 | I56: =IF('LODES IPF'!I6>0,I6/'LODES IPF'!I6,"") -> 1 | ... AS56: =IF('LODES IPF'!AS6>0,AS6/'LODES IPF'!AS6,"") | AT56: =IF('Obs IPF'!AT6>0,AT6/'Obs IPF'!AT6,"") -> 0
A57: Bingham County | B57: =IF('LODES IPF'!B7>0,B7/'LODES IPF'!B7,"") -> 1 | C57: =IF('LODES IPF'!C7>0,C7/'LODES IPF'!C7,"") | D57: =IF('LODES IPF'!D7>0,D7/'LODES IPF'!D7,"") -> 0.24575512 | E57: =IF('LODES IPF'!E7>0,E7/'LODES IPF'!E7,"") -> 1 | F57: =IF('LODES IPF'!F7>0,F7/'LODES IPF'!F7,"") -> 1 | G57: =IF('LODES IPF'!G7>0,G7/'LODES IPF'!G7,"") -> -0.46651257 | H57: =IF('LODES IPF'!H7>0,H7/'LODES IPF'!H7,"") -> 0.92050558 | I57: =IF('LODES IPF'!I7>0,I7/'LODES IPF'!I7,"") | ... AS57: =IF('LODES IPF'!AS7>0,AS7/'LODES IPF'!AS7,"") -> 1 | AT57: =IF('Obs IPF'!AT7>0,AT7/'Obs IPF'!AT7,"") -> 0
A58: Blaine County | B58: =IF('LODES IPF'!B8>0,B8/'LODES IPF'!B8,"") -> 0.9861219 | C58: =IF('LODES IPF'!C8>0,C8/'LODES IPF'!C8,"") -> 1 | D58: =IF('LODES IPF'!D8>0,D8/'LODES IPF'!D8,"") -> 0.87080219 | E58: =IF('LODES IPF'!E8>0,E8/'LODES IPF'!E8,"") -> 1 | F58: =IF('LODES IPF'!F8>0,F8/'LODES IPF'!F8,"") | G58: =IF('LODES IPF'!G8>0,G8/'LODES IPF'!G8,"") -> 0.75380038 | H58: =IF('LODES IPF'!H8>0,H8/'LODES IPF'!H8,"") -> -0.29670028 | I58: =IF('LODES IPF'!I8>0,I8/'LODES IPF'!I8,"") -> 1 | ... AS58: =IF('LODES IPF'!AS8>0,AS8/'LODES IPF'!AS8,"") -> 1 | AT58: =IF('Obs IPF'!AT8>0,AT8/'Obs IPF'!AT8,"") -> 0
A59: Boise County | B59: =IF('LODES IPF'!B9>0,B9/'LODES IPF'!B9,"") -> 0.1552657 | C59: =IF('LODES IPF'!C9>0,C9/'LODES IPF'!C9,"") -> 1 | D59: =IF('LODES IPF'!D9>0,D9/'LODES IPF'!D9,"") -> 0.85432324 | E59: =IF('LODES IPF'!E9>0,E9/'LODES IPF'!E9,"") | F59: =IF('LODES IPF'!F9>0,F9/'LODES IPF'!F9,"") | G59: =IF('LODES IPF'!G9>0,G9/'LODES IPF'!G9,"") -> 1 | H59: =IF('LODES IPF'!H9>0,H9/'LODES IPF'!H9,"") -> 0.83670399 | I59: =IF('LODES IPF'!I9>0,I9/'LODES IPF'!I9,"") -> -0.52800182 | ... AS59: =IF('LODES IPF'!AS9>0,AS9/'LODES IPF'!AS9,"") -> 0.48772341 | AT59: =IF('Obs IPF'!AT9>0,AT9/'Obs IPF'!AT9,"") -> 0
A60: Bonner County | B60: =IF('LODES IPF'!B10>0,B10/'LODES IPF'!B10,"") -> 1 | C60: =IF('LODES IPF'!C10>0,C10/'LODES IPF'!C10,"") | D60: =IF('LODES IPF'!D10>0,D10/'LODES IPF'!D10,"") -> 1 | E60: =IF('LODES IPF'!E10>0,E10/'LODES IPF'!E10,"") | F60: =IF('LODES IPF'!F10>0,F10/'LODES IPF'!F10,"") -> 0.65899267 | G60: =IF('LODES IPF'!G10>0,G10/'LODES IPF'!G10,"") -> 1 | H60: =IF('LODES IPF'!H10>0,H10/'LODES IPF'!H10,"") -> 1 | I60: =IF('LODES IPF'!I10>0,I10/'LODES IPF'!I10,"") | ... AS60: =IF('LODES IPF'!AS10>0,AS10/'LODES IPF'!AS10,"") -> 1 | AT60: =IF('Obs IPF'!AT10>0,AT10/'Obs IPF'!AT10,"") -> 0
A61: Bonneville County | B61: =IF('LODES IPF'!B11>0,B11/'LODES IPF'!B11,"") -> 0.99620138 | C61: =IF('LODES IPF'!C11>0,C11/'LODES IPF'!C11,"") -> 1 | D61: =IF('LODES IPF'!D11>0,D11/'LODES IPF'!D11,"") -> 0.34838351 | E61: =IF('LODES IPF'!E11>0,E11/'LODES IPF'!E11,"") -> 1 | F61: =IF('LODES IPF'!F11>0,F11/'LODES IPF'!F11,"") -> 1 | G61: =IF('LODES IPF'!G11>0,G11/'LODES IPF'!G11,"") -> 0.68115471 | H61: =IF('LODES IPF'!H11>0,H11/'LODES IPF'!H11,"") -> 1 | I61: =IF('LODES IPF'!I11>0,I11/'LODES IPF'!I11,"") -> 1 | ... AS61: =IF('LODES IPF'!AS11>0,AS11/'LODES IPF'!AS11,"") -> 1 | AT61: =IF('Obs IPF'!AT11>0,AT11/'Obs IPF'!AT11,"") -> 0
A62: Boundary County | B62: =IF('LODES IPF'!B12>0,B12/'LODES IPF'!B12,"") -> 1 | C62: =IF('LODES IPF'!C12>0,C12/'LODES IPF'!C12,"") -> 1 | D62: =IF('LODES IPF'!D12>0,D12/'LODES IPF'!D12,"") -> 1 | E62: =IF('LODES IPF'!E12>0,E12/'LODES IPF'!E12,"") | F62: =IF('LODES IPF'!F12>0,F12/'LODES IPF'!F12,"") -> -0.35107041 | G62: =IF('LODES IPF'!G12>0,G12/'LODES IPF'!G12,"") -> 1 | H62: =IF('LODES IPF'!H12>0,H12/'LODES IPF'!H12,"") -> 1 | I62: =IF('LODES IPF'!I12>0,I12/'LODES IPF'!I12,"") | ... AS62: =IF('LODES IPF'!AS12>0,AS12/'LODES IPF'!AS12,"") -> 1 | AT62: =IF('Obs IPF'!AT12>0,AT12/'Obs IPF'!AT12,"") -> 0
A63: Butte County | B63: =IF('LODES IPF'!B13>0,B13/'LODES IPF'!B13,"") -> 0.91046396 | C63: =IF('LODES IPF'!C13>0,C13/'LODES IPF'!C13,"") | D63: =IF('LODES IPF'!D13>0,D13/'LODES IPF'!D13,"") -> -0.27209417 | E63: =IF('LODES IPF'!E13>0,E13/'LODES IPF'!E13,"") -> 1 | F63: =IF('LODES IPF'!F13>0,F13/'LODES IPF'!F13,"") -> 1 | G63: =IF('LODES IPF'!G13>0,G13/'LODES IPF'!G13,"") -> 0.38289926 | H63: =IF('LODES IPF'!H13>0,H13/'LODES IPF'!H13,"") -> 0.40926352 | I63: =IF('LODES IPF'!I13>0,I13/'LODES IPF'!I13,"") | ... AS63: =IF('LODES IPF'!AS13>0,AS13/'LODES IPF'!AS13,"") -> 1 | AT63: =IF('Obs IPF'!AT13>0,AT13/'Obs IPF'!AT13,"") -> 0
... A96: Total | B96: =IF('LODES IPF'!B46>0,B46/'LODES IPF'!B46,"") -> 0.0057304405 | C96: =IF('LODES IPF'!C46>0,C46/'LODES IPF'!C46,"") -> 0.0057953967 | D96: =IF('LODES IPF'!D46>0,D46/'LODES IPF'!D46,"") -> -0.0096737603 | E96: =IF('LODES IPF'!E46>0,E46/'LODES IPF'!E46,"") -> -0.010035995 | F96: =IF('LODES IPF'!F46>0,F46/'LODES IPF'!F46,"") -> -0.0083194808 | G96: =IF('LODES IPF'!G46>0,G46/'LODES IPF'!G46,"") -> -0.011477236 | H96: =IF('LODES IPF'!H46>0,H46/'LODES IPF'!H46,"") -> 0.0068393052 | I96: =IF('LODES IPF'!I46>0,I46/'LODES IPF'!I46,"") -> 0.0059885259 | ... AS96: =IF('LODES IPF'!AS46>0,AS46/'LODES IPF'!AS46,"") -> 0.006261479 | AT96: =IF('Obs IPF'!AT46>0,AT46/'Obs IPF'!AT46,"") -> 0
